{"type":"FeatureCollection","features":[{"type":"Feature","geometry":{"type":"Polygon","coordinates":[[[-96.7960106043311,34.0418429727882],[-96.7960106043298,34.0418239728078],[-96.796010604326,34.0417669728667],[-96.7960106043247,34.0417479728864],[-96.7960096042642,34.0415379730561],[-96.7960066040829,34.0409089727121],[-96.7960066040689,34.0406999729281],[-96.7960016046877,34.0399749726361],[-96.7960016046214,34.0389869727576],[-96.7960026045493,34.0372209719316],[-96.7960016044483,34.0364059719691],[-96.7960006042977,34.0348509719192],[-96.795999604184,34.0338479713463],[-96.7959986040228,34.0321349711756],[-96.7960006040902,34.0317559707151],[-96.7960036041901,34.0311709706094],[-96.7960086034658,34.0303239709636],[-96.7959946035789,34.0282799707569],[-96.7959946035769,34.0282499702672],[-96.795994603521,34.0274149702779],[-96.7959946035179,34.0273689699468],[-96.7959946035144,34.0273169702372],[-96.7959916032382,34.0252719699836],[-96.7959906031361,34.024438970087],[-96.795995603182,34.0216639693092],[-96.7960006033515,34.0207329693715],[-96.7959956030129,34.0191389684153],[-96.7959906026442,34.017094968208],[-96.7959896025818,34.0168569679806],[-96.7959896025517,34.0164069678302],[-96.7959926025976,34.015013968086],[-96.7959836030348,34.0143459677352],[-96.7959756026179,34.0136599674503],[-96.7959746025602,34.0134899676733],[-96.7959716023872,34.012982967582],[-96.7959706023294,34.0128139678513],[-96.7959756023675,34.009917966867],[-96.7959846024627,34.0051029660665],[-96.7959756020102,34.0045779660413],[-96.7959596021034,34.0036179656612],[-96.7959556017584,34.0012329658534],[-96.7959556017447,34.0010279653552],[-96.7959146015586,33.9997779650392],[-96.7959396017852,33.9992799653631],[-96.7959586017396,33.9988699652651],[-96.7959626019191,33.9987819647879],[-96.7959746015583,33.9985139649695],[-96.7959756015931,33.9983399650072],[-96.7959786017073,33.9979679648707],[-96.7959806017758,33.9976059651973],[-96.795982601865,33.9975519644956],[-96.796046601154,33.9963349648033],[-96.7960366015822,33.9962239641611],[-96.7960476011811,33.9960469640594],[-96.7961466012182,33.995195964224],[-96.7961776017409,33.9949649643192],[-96.796227601347,33.9947489642087],[-96.7962726016192,33.9945129640718],[-96.7962846012704,33.9944239644471],[-96.7961486012568,33.9943849644464],[-96.7960316012247,33.9943439643522],[-96.7959896010742,33.9943199641423],[-96.7959776014105,33.9942209640558],[-96.7959816015573,33.9936419642278],[-96.7959656007364,33.9924609635079],[-96.7959556011192,33.9916699637575],[-96.7959486007559,33.99109096393],[-96.7959426013524,33.9907229630798],[-96.7959476006247,33.9898209635854],[-96.7959426012221,33.9887719635806],[-96.795949600564,33.9875239624555],[-96.7959496004583,33.9859419629539],[-96.7959496004356,33.9856019625004],[-96.7959496003971,33.9850249627651],[-96.7959466001742,33.9837699622158],[-96.7959256009778,33.9834519618826],[-96.7959256009737,33.9833909617562],[-96.7959306002607,33.9827089616559],[-96.7959266000447,33.9822519620808],[-96.7959236007796,33.9818729616205],[-96.7958915998978,33.9774179613014],[-96.7959016003393,33.9770859612179],[-96.7959125999275,33.9767489609029],[-96.7959485997694,33.9763169606848],[-96.795954599986,33.9753949602644],[-96.7959495996239,33.9734419606727],[-96.7959485995476,33.9729929605686],[-96.7959636001749,33.9719709600142],[-96.7959595999481,33.9713509600868],[-96.7959535995808,33.9700149593845],[-96.7959745996477,33.9699019595476],[-96.7959975998103,33.9698329599492],[-96.7960275993992,33.9697799592925],[-96.7960535997031,33.9697449594695],[-96.7960725996824,33.9697089596005],[-96.796098599987,33.9696829592948],[-96.7962305998055,33.9695779598231],[-96.7963936001624,33.9694759595896],[-96.7964545993918,33.969448959236],[-96.7965535994828,33.969403959846],[-96.7966846001567,33.9693349593432],[-96.7967535997574,33.9693119591744],[-96.7968905998116,33.9692639596436],[-96.7969665997373,33.9692469597523],[-96.7970665998767,33.9692339591458],[-96.7992936006185,33.9692229594327],[-96.8009096009099,33.9692489596623],[-96.8010036007714,33.9692399592413],[-96.8010716012258,33.9692279595819],[-96.8011316013088,33.969209959645],[-96.8012456011956,33.9691589590771],[-96.8013756009229,33.9690769588718],[-96.8014596012159,33.9690049591316],[-96.8015236005817,33.9689369595776],[-96.801929601392,33.9684969589719],[-96.8026946008318,33.9675959585893],[-96.8031266010453,33.9670989589407],[-96.8033906015759,33.9668019586673],[-96.8037396015442,33.9663989588781],[-96.8040236012026,33.9660879588548],[-96.8043466017653,33.9657059582405],[-96.8045896013206,33.9653859587018],[-96.8046036019663,33.9653329580459],[-96.8046356016417,33.9651859584329],[-96.8046486013041,33.964570957837],[-96.8046116011429,33.9609079573152],[-96.8046146012518,33.9604549579249],[-96.8046196014117,33.9593759574299],[-96.8046096008164,33.9573999567736],[-96.8046186011202,33.9556969570649],[-96.8046216012305,33.9552649568483],[-96.8046036012562,33.9546789566972],[-96.8033416002948,33.9546859561803],[-96.8017795998103,33.95467295655],[-96.800546600194,33.954683956217],[-96.8003955994868,33.9546759567529],[-96.8003496000503,33.9546539566358],[-96.8003215996495,33.95462595624],[-96.8003095999876,33.9545549565506],[-96.8003095999223,33.9535749561428],[-96.8003225995633,33.9526369558805],[-96.8003555992464,33.9519089563469],[-96.8003895998467,33.950753955929],[-96.8003975992748,33.9501009553725],[-96.8004035995228,33.9496459558896],[-96.8003965991428,33.9488149551862],[-96.8003375990342,33.9477509553886],[-96.8003065993447,33.9469899552294],[-96.8003005990564,33.946838955433],[-96.8003005989916,33.9458649553031],[-96.800259598799,33.9445119547145],[-96.8002555994852,33.944096954386],[-96.8002525993186,33.9436839550494],[-96.8002675990676,33.9429739545514],[-96.8003005987498,33.9422329544159],[-96.800298598653,33.9421709542434],[-96.8002895991308,33.9421079540249],[-96.8002565984913,33.941978954349],[-96.800199598536,33.941824954416],[-96.8001835986898,33.9417709546145],[-96.8001415985369,33.9417109545364],[-96.8001215985063,33.9416719545303],[-96.8000625984631,33.9415929544726],[-96.8000245984953,33.9415259540702],[-96.7999445983762,33.9414229538017],[-96.7996405986493,33.9411279545464],[-96.7987715987744,33.9403889536459],[-96.7987865985584,33.9402049541192],[-96.7993955989195,33.9402189538399],[-96.799745598961,33.9402189538238],[-96.800401598801,33.9401959536279],[-96.8010325992812,33.9401849539887],[-96.8011035989761,33.9401839539391],[-96.8022855989256,33.9401729542746],[-96.8027925990519,33.9401619537418],[-96.8033685996798,33.9401519541515],[-96.8043456000157,33.9401359533655],[-96.8048966003842,33.9401329541005],[-96.8052365999614,33.9401239536681],[-96.8055655999277,33.9401119539966],[-96.8057656002086,33.9401149541263],[-96.8065306006085,33.9401249536546],[-96.8077736006917,33.9401619535115],[-96.8088536013104,33.9401959532372],[-96.8100206014653,33.9402089537851],[-96.8101306011701,33.9402099538264],[-96.8110426011933,33.9402439535598],[-96.8120176014393,33.9402709538654],[-96.8125136019562,33.9402799533599],[-96.8131496017695,33.9402789532842],[-96.8134366024859,33.9402619533831],[-96.8140276020084,33.9402159530247],[-96.8144186021504,33.9401859534163],[-96.8151266026028,33.9401619531716],[-96.8155746026915,33.9401539536799],[-96.8158046025637,33.9401399530211],[-96.816156602695,33.9400949536193],[-96.816383602426,33.9400499533239],[-96.8165126030097,33.9400199528282],[-96.8166526032029,33.9399699532048],[-96.8167536033868,33.9399279530541],[-96.8168246030793,33.9398899530901],[-96.8169486034276,33.9398069528388],[-96.817228602904,33.9395469533784],[-96.8175456031917,33.9392119531418],[-96.8177556030236,33.9390149530042],[-96.8178596033444,33.9389389530779],[-96.817938603407,33.9388899526042],[-96.8180206036093,33.9388489525008],[-96.8180776035531,33.9388289524714],[-96.8181756035991,33.9388049531544],[-96.8182716035532,33.9387939526406],[-96.8183606031838,33.938798952868],[-96.8184326029261,33.9388129526136],[-96.8185246035966,33.93883995296],[-96.8185986034326,33.9388689525007],[-96.8186906032055,33.9389209531054],[-96.8188316034579,33.9390659526178],[-96.8189486034952,33.9391849527261],[-96.8192296039615,33.9395899525788],[-96.819470603464,33.9398699529411],[-96.8196296036533,33.9400369534713],[-96.8196946039733,33.9400969526489],[-96.8197916039787,33.9401599528634],[-96.8198926041676,33.940191953441],[-96.8199966035957,33.9402159527487],[-96.8201806040347,33.9402299533884],[-96.8205546042896,33.9402269532322],[-96.8209486036732,33.9402239530751],[-96.8217156041654,33.9402279532249],[-96.8250196053843,33.9402179526091],[-96.826696605804,33.9402129523],[-96.8267446053318,33.9402129522978],[-96.8270416056139,33.940215952423],[-96.8277816057514,33.9401919530762],[-96.8282166061368,33.9401869528246],[-96.8287566059957,33.9401919530312],[-96.8290306061106,33.9401949522581],[-96.8291506062556,33.9398429521427],[-96.8291976057277,33.9397039528995],[-96.8296196063337,33.9385589520274],[-96.8296686058966,33.9383909523407],[-96.8297496060407,33.9381719520898],[-96.8298016057438,33.9380189521981],[-96.8298726063243,33.9378119525033],[-96.8299906063796,33.93750595182],[-96.8302436063717,33.9367819515621],[-96.8304146061732,33.9362739514163],[-96.8306446060033,33.9356279520729],[-96.8310326059379,33.9345709516795],[-96.8315186058968,33.9331629512181],[-96.8316096065015,33.9328989515812],[-96.8319166062902,33.9320329510415],[-96.8321776066549,33.9313329509952],[-96.8322886063863,33.9310369507752],[-96.8323086064107,33.9309819509257],[-96.8326596064344,33.9300169502969],[-96.832990606431,33.9290659503173],[-96.8331576060488,33.9285849505224],[-96.8334606065493,33.9276889503926],[-96.8336996067957,33.9270249502154],[-96.833865606366,33.9265269496335],[-96.8341046066115,33.9258519498463],[-96.8342746063701,33.9253949493638],[-96.8344506064043,33.9249009498659],[-96.8345796060668,33.9245399493335],[-96.8346056063684,33.9244689496423],[-96.8348006063797,33.9239059496469],[-96.834959606528,33.9234569495353],[-96.8350886061905,33.9230969490492],[-96.8352826061554,33.9225309489148],[-96.835547606701,33.9217619492709],[-96.835826606991,33.9209109485277],[-96.8358496062534,33.9208289483274],[-96.8360126065789,33.920253948677],[-96.8362256065088,33.9194389487043],[-96.8362546069451,33.9193009486089],[-96.8364776064246,33.9182629482034],[-96.8366496062423,33.9172999476755],[-96.8366966066012,33.9169719477754],[-96.8367126064362,33.9168569478462],[-96.8367396067763,33.9166689481337],[-96.8367496063358,33.9165959483507],[-96.8367776067218,33.9163989482216],[-96.8367936065573,33.9162929478096],[-96.8368046061579,33.9161399479198],[-96.8368546066299,33.9154199478565],[-96.8368836061481,33.914999947295],[-96.8368926065375,33.9145799476337],[-96.8369026060752,33.9141789470534],[-96.8369176067292,33.9135529477467],[-96.8368996058557,33.9129679476417],[-96.8368946065118,33.9127969469192],[-96.8368876061703,33.9125429468506],[-96.8368796066801,33.9122629473768],[-96.8368626058785,33.9120609470182],[-96.8368566064954,33.9119989468459],[-96.8367926061743,33.9112239469393],[-96.8367636057066,33.9108879466723],[-96.8367156061335,33.910204946528],[-96.8366886057568,33.9098439469021],[-96.8366876057088,33.909818946644],[-96.8366256063824,33.909084946837],[-96.8366136058164,33.9089409464656],[-96.8366056063382,33.9088409463326],[-96.8365946058197,33.9087149467946],[-96.8364386056571,33.906852946027],[-96.8363696059787,33.9057059459841],[-96.8363606055505,33.9055419455859],[-96.8362506057652,33.9043279460402],[-96.8361986051096,33.9036789456716],[-96.8361366057791,33.9028829456919],[-96.8360566055926,33.9017639451474],[-96.8360536054516,33.9017349456035],[-96.8360186056029,33.9013679448008],[-96.8359916052317,33.9010879453279],[-96.8359666049545,33.9008269449359],[-96.8359656049067,33.900805944863],[-96.8359496050325,33.9003289452617],[-96.8359486049827,33.9002779446991],[-96.8359166052763,33.8999579451731],[-96.835911605041,33.8999059445644],[-96.8358886048586,33.8996769447546],[-96.8358806053819,33.8995999447872],[-96.8358586052457,33.8993689448848],[-96.8358516049161,33.8992919449173],[-96.8358206052554,33.8989629449745],[-96.8358036053548,33.8987869449204],[-96.8358016052608,33.8987689449864],[-96.8357756049361,33.8984909447067],[-96.8357566049413,33.8982919444871],[-96.8357286054142,33.8978799442986],[-96.8356866052243,33.8972609444192],[-96.8356816049882,33.8971979442005],[-96.8356476051781,33.8967119441834],[-96.8356446050365,33.896674944269],[-96.8354606044434,33.8943359439006],[-96.8349456044081,33.8877489429172],[-96.8349116037023,33.8873189427949],[-96.834728604055,33.8849809424726],[-96.8346806035904,33.8844149423493],[-96.8345396041344,33.8827169419795],[-96.8344926037162,33.8821509418562],[-96.83440560321,33.8811039410481],[-96.834146603583,33.8779659405615],[-96.8340726027897,33.8770619409778],[-96.8340616031696,33.876919940699],[-96.8340106034577,33.8762409407398],[-96.8339186027081,33.8750179407764],[-96.8338496030522,33.8742079401488],[-96.8337936031087,33.8735309402825],[-96.8354476032957,33.8725389401421],[-96.837102603529,33.8715459399553],[-96.8374206038728,33.8713549391913],[-96.839782604384,33.8684039391481],[-96.8402676042424,33.8661709382604],[-96.8405146039288,33.8650279383881],[-96.8408266039159,33.863650937571],[-96.8411036039959,33.8610239373365],[-96.8413466034324,33.8589049372416],[-96.8414886036118,33.8572449368193],[-96.8415286035336,33.8552129362651],[-96.8415996030757,33.852899936189],[-96.8424496037461,33.8517999355819],[-96.8437166039597,33.850580935741],[-96.8459036045397,33.8489809353047],[-96.8482576048168,33.8480959346903],[-96.8506006054835,33.8472169343542],[-96.8535616060905,33.8472809344833],[-96.8560976067855,33.8474959344286],[-96.8602546081326,33.8496949344278],[-96.8639676086782,33.8519159345667],[-96.8662536095334,33.8530589352217],[-96.8664456094494,33.8531549351611],[-96.87068761122,33.8565549350046],[-96.8727226121678,33.8583049358962],[-96.8752886125868,33.8605109353932],[-96.8766656126687,33.8617689360185],[-96.8792696139721,33.8643009362182],[-96.8830176153409,33.8680249366961],[-96.8832176147495,33.8684379369229],[-96.8856946157308,33.8735489378253],[-96.886022616654,33.875107938046],[-96.8863406161649,33.8759209379016],[-96.8868426170276,33.8769539380421],[-96.8872376165096,33.8777359382576],[-96.8875656164803,33.8784929382179],[-96.8879126173178,33.8790329389221],[-96.8880106173741,33.8791639386877],[-96.8884916172373,33.8798069387586],[-96.8891186175967,33.8807749385819],[-96.8895046175649,33.8816219391093],[-96.8898316175102,33.8826939392649],[-96.8900156180066,33.8835729394845],[-96.8901596175427,33.8843799390703],[-96.8905066184288,33.8856539395843],[-96.8909506184062,33.8867669398343],[-96.8915966187591,33.8879119397578],[-96.8922626191405,33.8890649400507],[-96.8925126190691,33.8894779402752],[-96.8925676189274,33.8895689399894],[-96.8926226187859,33.8896609406491],[-96.8927936186399,33.8899439402543],[-96.8931116190491,33.890742940361],[-96.893284619029,33.8915249405865],[-96.8933426190713,33.892290940976],[-96.8936806195108,33.8931219407647],[-96.8938286191998,33.8934369409531],[-96.8940566199115,33.8939199408223],[-96.8947026193533,33.8948879415439],[-96.895561619694,33.8960889413524],[-96.8957356205897,33.8964199413811],[-96.8958796201157,33.8970729419306],[-96.8960056206206,33.8979519421528],[-96.8960436206285,33.8986219416956],[-96.8961886201885,33.8990889417271],[-96.8966806206042,33.9003719417518],[-96.8970376210533,33.9016219420534],[-96.8972016206528,33.902959942841],[-96.8972306212059,33.9045809432478],[-96.8972246209348,33.9046879428062],[-96.8971626208343,33.9058389430401],[-96.8970176214077,33.9073799433482],[-96.8968446215657,33.9086739439128],[-96.8968246215475,33.9088229436178],[-96.8966476214891,33.9096509441907],[-96.89649662083,33.9103639439345],[-96.8964286213786,33.9119359438756],[-96.8964516215916,33.9126259443451],[-96.896476621898,33.9133239442856],[-96.89652062126,33.9136209445447],[-96.8965986213151,33.9141569450761],[-96.8967476219957,33.9151619448356],[-96.896824622009,33.9157659449181],[-96.896893621647,33.9163039446432],[-96.8969546218091,33.916778945049],[-96.8969596220434,33.9168159449632],[-96.8972586216088,33.9181699455859],[-96.8972626217953,33.9181859454272],[-96.897389622319,33.9186489452744],[-96.8974106223986,33.9187259452412],[-96.8974736217379,33.9189569451417],[-96.8974956218639,33.9190349451547],[-96.8975346218832,33.9191779454785],[-96.8975736219024,33.9193209458023],[-96.8976826224866,33.9197189453388],[-96.897875622516,33.9208229460827],[-96.8979076222258,33.9211919460787],[-96.8980976221866,33.9233549463913],[-96.8982816227877,33.9258059465487],[-96.8985326228131,33.9269759467484],[-96.8986376232364,33.9277449472744],[-96.8987456229008,33.9285319468351],[-96.8989286233853,33.9299269475627],[-96.8994496235155,33.9337339484335],[-96.8998656240043,33.9350099481373],[-96.900240623483,33.9361609483509],[-96.9006846243818,33.9376009484519],[-96.9008296239422,33.9380729487149],[-96.9010036239643,33.9387899486287],[-96.9024416252083,33.9420239499069],[-96.9040346255167,33.944821949877],[-96.9046236259276,33.9460079499023],[-96.9052606258683,33.9472249504615],[-96.9065616260543,33.9489359504794],[-96.9072156267595,33.9497959506965],[-96.9073946269813,33.9500309507768],[-96.9092096276364,33.952006951349],[-96.9100216275689,33.9527889515448],[-96.9113436277937,33.9539659511195],[-96.9126766285264,33.95511095191],[-96.9137096288129,33.9558769513546],[-96.9143286287695,33.9563619512981],[-96.915129629081,33.9569899515587],[-96.9163076297989,33.9578039514205],[-96.917311629626,33.9583599519354],[-96.9176596295898,33.9585859515911],[-96.9186256303388,33.9589319522775],[-96.9207406304235,33.9595289519413],[-96.9221216306113,33.959584951772],[-96.923570631237,33.959382952245],[-96.9242756315372,33.9591649520115],[-96.925182632195,33.9587129517265],[-96.9259456315782,33.9583579514427],[-96.9269496322427,33.9579869513062],[-96.9283306323862,33.9573809510636],[-96.9295856329853,33.9568159509266],[-96.9297396329265,33.9567409510443],[-96.9308986326717,33.9561789510507],[-96.9322596336945,33.9556939510154],[-96.9330196338378,33.9553379506854],[-96.9337756337957,33.9549839504481],[-96.9348476340057,33.9544589503729],[-96.9348466340251,33.9554439501125],[-96.9348466340908,33.9564289507513],[-96.9348426343657,33.9633239516261],[-96.9348386346409,33.9702189533999],[-96.9348316355925,33.9758579545783],[-96.9348376349991,33.9762729540072],[-96.9348306356115,33.976835954893],[-96.9348286357184,33.9798199554541],[-96.9348286357192,33.9798319551104],[-96.934825635778,33.9827909554133],[-96.9348246358112,33.9839809556509],[-96.9348246358305,33.9842699555416],[-96.934841635846,33.9861609558585],[-96.9347876368397,33.998105958521],[-96.9348416366661,33.9984099582043],[-96.9348406369679,34.0036079596483],[-96.9348416372243,34.0067409599129],[-96.9348406375933,34.0129359607522],[-96.9365606382081,34.0129369607186],[-96.9391006390747,34.0129469610634],[-96.9410056392741,34.012940960697],[-96.9466496410782,34.0129449606197],[-96.9496466415513,34.0129489606655],[-96.9497596413951,34.0129489606602],[-96.9532426428197,34.0129509605908],[-96.9582686438463,34.0129539604959],[-96.9587126437498,34.0129539604753],[-96.9587846434911,34.0129549596189],[-96.9664076462277,34.0129579594031],[-96.9684376468277,34.012958959355],[-96.9697436471312,34.0129589592942],[-96.9697226471854,34.0148769599633],[-96.9696636474984,34.0201029609068],[-96.9697426480103,34.0267449617528],[-96.9697426485793,34.035211963461],[-96.9697416493141,34.0468279661737],[-96.9697496492006,34.052991966475],[-96.969750649442,34.0558889675034],[-96.9697516494966,34.0560119678022],[-96.9697516495443,34.0567209673533],[-96.9697496494561,34.0567869677111],[-96.9697286493946,34.0569799676546],[-96.9697186498487,34.0572539677504],[-96.9697176498208,34.0575279678459],[-96.9697136496573,34.057853967651],[-96.9696836502179,34.0601269685686],[-96.9696756499365,34.061455968047],[-96.969693649943,34.0625119683744],[-96.9696816503325,34.0632039689375],[-96.9696766501205,34.0634979690599],[-96.9696836506107,34.065956969594],[-96.9696846506627,34.0660389688938],[-96.96967065014,34.0679159694626],[-96.9696426507186,34.0690769701569],[-96.9696496502249,34.0702789700499],[-96.969634650479,34.0710259704616],[-96.9688566503759,34.0710139699424],[-96.9680746500875,34.0710069705541],[-96.9680886498542,34.0712559703907],[-96.9680906499552,34.0713789706894],[-96.9680536501259,34.0726799706714],[-96.9680366503502,34.07435797102],[-96.9680366503598,34.0745009713455],[-96.9680466508809,34.0753519711752],[-96.9680486500904,34.0755909714487],[-96.96804965014,34.075638970973],[-96.9680576505176,34.0757379710597],[-96.9680796506446,34.0758289707752],[-96.9681236508944,34.0759509710257],[-96.9681426508793,34.0759989714485],[-96.9681766512693,34.0850709732853],[-96.9681796514348,34.0854619725023],[-96.9682266518071,34.0986529752859],[-96.9682286519383,34.0992219755495],[-96.9682296520371,34.0999979755044],[-96.9682316521334,34.1000509752602],[-96.9683036519354,34.1009499755106],[-96.967708652218,34.1008489753589],[-96.9670936515728,34.1007449759685],[-96.9664086521788,34.1006449758672],[-96.9659196519835,34.1005889759954],[-96.965671651274,34.1005619756562],[-96.9653206511837,34.1005259758045],[-96.9644216508608,34.1004399754622],[-96.9641486507913,34.1004209754946],[-96.9635586513097,34.1003819755152],[-96.9632736506841,34.1003689758259],[-96.9625216508857,34.1003349760856],[-96.9615376502228,34.1003099758734],[-96.9614576501104,34.1003079757846],[-96.9606236501093,34.1003069757773],[-96.9594476495384,34.1003069758323],[-96.9572826498728,34.1003029757483],[-96.9507876481779,34.1002909763958],[-96.9486236476594,34.1002879763581],[-96.9468556466172,34.1002839762555],[-96.9463196469442,34.1002829762343],[-96.9436996459654,34.100275976932],[-96.9415516452893,34.1002719768473],[-96.9397836451464,34.100268976791],[-96.9385086444813,34.1002659767117],[-96.9375126441628,34.1002639766657],[-96.9362556443329,34.1002699770022],[-96.9346846434319,34.1002609775583],[-96.9334106437122,34.1002549773401],[-96.9328396433155,34.1002519772279],[-96.9310396425884,34.1002539774046],[-96.930893643013,34.1002529773652],[-96.9284166423695,34.1002439770643],[-96.9264046417046,34.1002449772046],[-96.9245936413663,34.1002399779571],[-96.9233446410076,34.1002399780155],[-96.922679640749,34.1002409780928],[-96.9218856408038,34.1002389780373],[-96.9208286403547,34.1002369779942],[-96.9201806399848,34.1002349779318],[-96.9190826394332,34.1002339779369],[-96.9190576400725,34.1002329778918],[-96.9182366397745,34.1002279776986],[-96.9175896394509,34.10022497759],[-96.9173946394021,34.1002239775528],[-96.9160786386343,34.1002209783747],[-96.9157246393067,34.1002209783913],[-96.9133826386279,34.1002159782692],[-96.9115496381699,34.1002279780111],[-96.9114156373523,34.1002289780637],[-96.9100396373997,34.1002249779428],[-96.9076776366924,34.1002149784895],[-96.9070906364531,34.1002129784243],[-96.9047766361713,34.100178978757],[-96.9042206355707,34.1001749785978],[-96.9035736361463,34.1001709784428],[-96.9027486356627,34.1001649791029],[-96.9011466351211,34.1001329785955],[-96.9008296348109,34.1001299784714],[-96.900591635466,34.1001279783899],[-96.8995226344599,34.1001189789225],[-96.8982306348037,34.1000969788636],[-96.8976316340074,34.1000869793279],[-96.8972956346149,34.100084979251],[-96.8956346340371,34.100075978912],[-96.8952976336986,34.1000699786499],[-96.8944926332425,34.1000559789387],[-96.8935586330998,34.1000399791408],[-96.8923026333145,34.1000219792654],[-96.8908456323027,34.1000029793531],[-96.88932763206,34.099987979629],[-96.8891286318254,34.0999849794993],[-96.8885346321603,34.0999749790641],[-96.8872796315219,34.0999559791424],[-96.8872966313242,34.0986709790026],[-96.8872996313837,34.0974919792746],[-96.8872866316089,34.0964359789468],[-96.8872846315085,34.0963219790648],[-96.8872876316237,34.0959679788626],[-96.8872946310009,34.0952549782266],[-96.8872986311637,34.0949189788578],[-96.8873126308355,34.0937619783492],[-96.887316630997,34.0934079781469],[-96.8873386310872,34.0929539778105],[-96.887389630748,34.0928629780916],[-96.8874686308085,34.0927839780275],[-96.8875436315857,34.092744978017],[-96.8876696311309,34.0927139783745],[-96.8879726316903,34.0927039778974],[-96.8890756315756,34.0927199776873],[-96.8893236313826,34.0926989776028],[-96.8893476315951,34.0926849778528],[-96.8894176312411,34.0926459778425],[-96.889500631486,34.0925489778442],[-96.8895086318352,34.0922269782241],[-96.889516631225,34.0910139778209],[-96.8895036313578,34.0885869769697],[-96.889497631061,34.0883119768282],[-96.8894856313692,34.0877979773128],[-96.8894786309181,34.0859209767448],[-96.8894646309111,34.0821069755286],[-96.8895006307746,34.0819999759689],[-96.8895366306419,34.0819509754972],[-96.8895586307607,34.0819209759058],[-96.8896766308326,34.0818649760055],[-96.8897196310268,34.0818499762083],[-96.8898426313328,34.081826976037],[-96.8898846314814,34.0818229758499],[-96.8901516312713,34.0818209757448],[-96.8905096307846,34.0818229758207],[-96.8924636314593,34.0818369754784],[-96.8925936320914,34.0818379755187],[-96.8930886316625,34.0818469759122],[-96.8932406315135,34.0818089759444],[-96.8933746323271,34.0817499759045],[-96.8934696322292,34.081653975952],[-96.8935646321197,34.0813879753231],[-96.8938226323321,34.0805019756589],[-96.8938266316165,34.0804759753543],[-96.8938586321869,34.0802659755226],[-96.8938696317769,34.0799589756974],[-96.8938896316598,34.0778039748474],[-96.8938706316,34.0766459751933],[-96.8938566317678,34.0754229743281],[-96.8938516314329,34.0738939745835],[-96.8938476311628,34.0726379739887],[-96.8938206315948,34.0709349733836],[-96.8938106310657,34.06996497344],[-96.8937786312865,34.0685679735129],[-96.8938276308477,34.0683749735681],[-96.8939506311416,34.0681739732495],[-96.8940746314896,34.0680869728129],[-96.8942616311605,34.067982973385],[-96.8947976317198,34.0677899734175],[-96.8952356313338,34.0676199727208],[-96.8952656318243,34.0676019727853],[-96.8954216318573,34.0675119731078],[-96.8954706314284,34.0674659727744],[-96.8955986319594,34.0673429733689],[-96.8957296317245,34.0671349727258],[-96.8958026315044,34.0670179727013],[-96.8965196313917,34.0657619729721],[-96.89717963134,34.0645939728233],[-96.8975326314755,34.0639239723634],[-96.8975866321716,34.0637869723131],[-96.8976136316133,34.0636149724424],[-96.8976196318641,34.0632069724378],[-96.897581631838,34.0622759716032],[-96.8975636318861,34.0620299719057],[-96.8975426318024,34.0618919718127],[-96.8975046318317,34.0617829721637],[-96.8974456317857,34.0616619719602],[-96.8973666317105,34.0615239718699],[-96.8972166319366,34.061329971888],[-96.8967326310412,34.0607899720901],[-96.8964516314809,34.0604879716107],[-96.8963016308083,34.0603029720456],[-96.8962066308893,34.0601469720219],[-96.8961536311229,34.0600459718448],[-96.8960876307441,34.0598019713427],[-96.8960626313674,34.0595619719233],[-96.896046631475,34.0588219709376],[-96.8960416311935,34.0580849709896],[-96.8960196310271,34.0574069710761],[-96.8960166308595,34.0569839712767],[-96.8960246312183,34.0568019709439],[-96.8960376309156,34.0567109712266],[-96.8960916307136,34.0565919711105],[-96.896145630513,34.0564949711135],[-96.8961816312797,34.0564449705955],[-96.8962476307384,34.0563799711803],[-96.8963696309943,34.0563019711606],[-96.8964696311315,34.0562559708248],[-96.8968036313204,34.0561069711052],[-96.8974006311073,34.0558599704334],[-96.8981596312059,34.0555299704077],[-96.89893663124,34.0552009704276],[-96.8994946319179,34.0549759707762],[-96.899713632174,34.0548819709105],[-96.8998666320683,34.0547989706578],[-96.9000506315975,34.0546559703237],[-96.9000976319748,34.0546059707045],[-96.9002396322507,34.0544079705239],[-96.9002466316735,34.0543719706554],[-96.9002486317613,34.0542979699272],[-96.9002676317399,34.0542519704945],[-96.9002816314802,34.0541099702146],[-96.9002856316535,34.0539299699745],[-96.9002766320917,34.0532779703648],[-96.9002616313109,34.0520099701141],[-96.9002806312362,34.0511709699391],[-96.9003016312477,34.0502359698159],[-96.900303631316,34.049872969197],[-96.9003106315643,34.0487379697071],[-96.9003176318339,34.0479199696056],[-96.9003216310333,34.0466289691884],[-96.9003176317037,34.045982968957],[-96.9003206309226,34.0456729689932],[-96.900379630879,34.0444599685875],[-96.9004076312294,34.0437369683868],[-96.9004376307327,34.0424099681003],[-96.9004656310946,34.0418579677229],[-96.900320630669,34.0418989678292],[-96.9003176313745,34.0410849679134],[-96.9002896308744,34.0395789674359],[-96.9002826304562,34.0381869677389],[-96.9002696307038,34.0374589673086],[-96.9002756309193,34.0365249672323],[-96.9002706306353,34.0357479672309],[-96.9002586309383,34.0351539667094],[-96.9002646302803,34.0346049664719],[-96.9002726306122,34.034022966505],[-96.9002686303158,34.0323709664613],[-96.9002766306386,34.0316529664929],[-96.9002786306781,34.0308609657968],[-96.900292630315,34.0291779661155],[-96.9002926302774,34.0286179653689],[-96.9003056299254,34.0277899657034],[-96.9003206296965,34.0274169655202],[-96.9001206303151,34.0274159654832],[-96.8994316298419,34.0274009657201],[-96.8990286300408,34.0274009657389],[-96.8984136294026,34.0274009657675],[-96.8976406295327,34.0274119654134],[-96.8965656291469,34.0273899653441],[-96.8955766291526,34.027384966058],[-96.8951536284246,34.0273919655024],[-96.8948796283103,34.0273969657466],[-96.8947556288567,34.0274119655476],[-96.8946276283196,34.0274449652828],[-96.894516628571,34.0274819661017],[-96.8944276289444,34.027535965908],[-96.8943156282538,34.0276289657225],[-96.8940526286688,34.0279209657643],[-96.8933776279979,34.0286889662799],[-96.8925016279119,34.0296429664234],[-96.89220762779,34.0299549664933],[-96.8920886285747,34.0300649661958],[-96.8919806280693,34.0301519666316],[-96.8918656281373,34.030219966188],[-96.8917256279451,34.0302829664134],[-96.891601627594,34.0303249665651],[-96.8914986282157,34.0303519660213],[-96.8913636282527,34.0303759662395],[-96.8912076282141,34.0303829665708],[-96.8910556274608,34.0303769663001],[-96.8906716276386,34.0303349661721],[-96.8891666270875,34.0301419662996],[-96.8887546268652,34.0300849663776],[-96.888517627565,34.0300569659916],[-96.8884196275166,34.0300459663862],[-96.8881376270301,34.0300329666967],[-96.8879606269169,34.0300359668439],[-96.8876946271749,34.0300629663076],[-96.8874756269147,34.0300949669001],[-96.887169627119,34.0301569661876],[-96.8867926267305,34.0302419665433],[-96.8865686271393,34.0302969664022],[-96.8862606263504,34.0303419667014],[-96.8859876262833,34.0303609666945],[-96.8854786260643,34.0303699662355],[-96.8839126262948,34.030368966262],[-96.8809266254294,34.0303319664866],[-96.8805556253143,34.0303439670594],[-96.8803396251918,34.0303549666794],[-96.8801586248946,34.0303809669923],[-96.8797146249978,34.0304819671925],[-96.8787986248109,34.0307719671721],[-96.8781936246488,34.0309559667261],[-96.876621624634,34.0314469670491],[-96.8764256245446,34.0315319673965],[-96.8762676244185,34.0316169677419],[-96.8761456241626,34.0316949677617],[-96.8759436238015,34.0318799673432],[-96.8757256244988,34.0320879670911],[-96.8755706245179,34.0322639671531],[-96.8755116244846,34.0323309675599],[-96.8753666240642,34.032448967634],[-96.8752376243838,34.0325379672641],[-96.8751116239424,34.032615967284],[-96.8750116238051,34.0326609675734],[-96.8747786237975,34.0327299671816],[-96.8746486240661,34.0327509672607],[-96.8744676237683,34.0327679671569],[-96.8739656238736,34.032773967458],[-96.8705676227904,34.0327469681647],[-96.8694286221363,34.0327479682639],[-96.8632576210758,34.0327539679295],[-96.8628546212742,34.0327469685235],[-96.862726620741,34.0328389682923],[-96.8615206206352,34.0337009686883],[-96.8612516207653,34.0338949686897],[-96.8602916203635,34.0345829682126],[-96.8593556201743,34.0352559688387],[-96.8582436199254,34.0360399692162],[-96.8554466189677,34.0380479696853],[-96.854718619419,34.0385569699031],[-96.8546186192835,34.0386279695978],[-96.8538226192847,34.0392119696939],[-96.8529836190916,34.0398089694947],[-96.8526006184377,34.0400849697006],[-96.8518496187243,34.0406279696951],[-96.8508636180173,34.0413319699601],[-96.8501946185035,34.0417969699366],[-96.8500366183799,34.0419189701966],[-96.8499236185345,34.0418959700363],[-96.8496256182061,34.0418939708569],[-96.8483856182641,34.0418879706368],[-96.8483736177077,34.0418879706374],[-96.8479726179989,34.0418829704245],[-96.845736616839,34.041877970297],[-96.8390316152969,34.0418649709064],[-96.8367966150826,34.0418609708252],[-96.8355436145379,34.0418579707446],[-96.8330646138014,34.0418539715741],[-96.8321566139667,34.0418659712726],[-96.8317886139897,34.0418649712434],[-96.8305366134916,34.0418649713016],[-96.8302826134049,34.0418649713135],[-96.8295246133305,34.0418679714876],[-96.8292716132902,34.0418689715457],[-96.8284666128351,34.0418709716757],[-96.8266796127105,34.0418759710911],[-96.8260546125072,34.0418669716028],[-96.8255136117025,34.0418599713039],[-96.8252506120978,34.0418609713624],[-96.8239996116462,34.0418639715595],[-96.8213346112789,34.0418729721001],[-96.8202486103836,34.0418649717802],[-96.8194006106319,34.0418589715419],[-96.8189986099777,34.0418589715606],[-96.8178646104548,34.0418619717522],[-96.8178486097128,34.0418609717067],[-96.8168666100428,34.0418549723738],[-96.8162846100351,34.0418509722157],[-96.8143986089164,34.0418439719794],[-96.8134636087281,34.0418419719302],[-96.8133676087732,34.0418419719347],[-96.8132496086974,34.0418409718939],[-96.8125026091328,34.0418399718824],[-96.8112526087276,34.041844972172],[-96.8095156082236,34.0418519725769],[-96.8071136074588,34.0418309726156],[-96.8052286072863,34.0418319727496],[-96.8051396067567,34.0418319727537],[-96.8049796065321,34.0418329728075],[-96.8047906067616,34.0418339728626],[-96.8039576068059,34.0418259725309],[-96.8034306066509,34.041827972648],[-96.7993566057007,34.0418519730493],[-96.7980376047933,34.0418479729254],[-96.7962406042043,34.0418439728238],[-96.7961946047692,34.0418429727797],[-96.7960566046654,34.0418429727861],[-96.7960106043311,34.0418429727882]]]},"properties":{"PRECINCT":"1","PRECINCT_N":"Precinct 1","DIST_NAME":"Precinct 1"}},{"type":"Feature","geometry":{"type":"Polygon","coordinates":[[[-96.8377256238148,34.1725579946799],[-96.8375426243171,34.1724799946745],[-96.8374286235241,34.1724289950165],[-96.8369806234183,34.1721839953855],[-96.836648623298,34.1719779948567],[-96.83638062345,34.171809995185],[-96.8358306231018,34.1714279946118],[-96.8355856234121,34.171128995169],[-96.8353316233109,34.1709149951655],[-96.8348816231022,34.1705219949776],[-96.8345356232251,34.1702119950304],[-96.8341416229172,34.1698489944301],[-96.8324866225148,34.1683329944657],[-96.8323566218737,34.1681999946093],[-96.8321116221916,34.1680129940568],[-96.832063621762,34.1679759941446],[-96.8315766216309,34.1675029947512],[-96.8311566219131,34.1670949938673],[-96.8307246216407,34.1667159943268],[-96.8300096217173,34.1660669939899],[-96.8291086212504,34.1652329940897],[-96.8285586208946,34.1647399937732],[-96.8284056209854,34.1646029937326],[-96.827720620656,34.1639789936525],[-96.8276726211252,34.1639349943156],[-96.8268576201545,34.1631729941476],[-96.8267936207801,34.1631139941169],[-96.826116619923,34.1624979935074],[-96.825935620513,34.1623469937194],[-96.825350620328,34.1617809936219],[-96.824734619605,34.1612169936185],[-96.8242186199283,34.1607509936512],[-96.8238886198944,34.1604499932204],[-96.8238266197136,34.1603929932822],[-96.8234266191272,34.1600259933964],[-96.8226126191033,34.1592809931161],[-96.8219796193906,34.1587159930671],[-96.8218096186914,34.1585549928156],[-96.821326618747,34.1580999933559],[-96.8207966184187,34.1575979926217],[-96.8202926183997,34.1571399930241],[-96.8191056181444,34.1560619926321],[-96.8183026177324,34.1553339931383],[-96.8178766177379,34.1549499924666],[-96.8175796174364,34.1546609925899],[-96.8171816178406,34.1542719925847],[-96.8167736177806,34.1538749922095],[-96.816407616976,34.1535629921705],[-96.8161336168454,34.1533299921876],[-96.8153106173043,34.1525989925558],[-96.8147666163248,34.1520649921393],[-96.8147406169162,34.1520409919286],[-96.8138536161998,34.1512159924443],[-96.813449616327,34.1508449923735],[-96.8126226156994,34.1500859923448],[-96.8119456157404,34.1494529918475],[-96.8114476160021,34.149031992164],[-96.8111946159473,34.1488179921604],[-96.8105926149726,34.1482309919908],[-96.8105476155812,34.1481909919395],[-96.8103956157182,34.1480529918526],[-96.8102286151588,34.1479009920176],[-96.8091436151429,34.1469149913836],[-96.8089806147691,34.1467659916872],[-96.8086766150431,34.1464899915135],[-96.8084946146861,34.1463179916524],[-96.8083346144514,34.1461679919097],[-96.8078566147392,34.1457169917356],[-96.8073446143482,34.1452449914901],[-96.8069786144412,34.1449079911929],[-96.8066686144368,34.1446289917798],[-96.8058816138688,34.1439209914125],[-96.8044506130743,34.1425939911945],[-96.8043526130207,34.1425049906758],[-96.8038656128917,34.1420619908725],[-96.8033526133541,34.1415949908586],[-96.8030136129023,34.1412859909572],[-96.8019356123109,34.1402889907128],[-96.80142661206,34.1398309911154],[-96.8010846123686,34.1395239904074],[-96.800820612701,34.139279990814],[-96.8001506121683,34.1386609909645],[-96.7991826121869,34.1377509902464],[-96.7983286112062,34.1369859899411],[-96.7973686115971,34.1360959901486],[-96.7972876114333,34.1360209902772],[-96.7972156107881,34.1359539898765],[-96.7958486102689,34.1347079898084],[-96.7956566103473,34.1345329898089],[-96.7950596105067,34.1339879897848],[-96.7945296101807,34.1335199897253],[-96.7942536099567,34.1332759901324],[-96.7935476095533,34.1326569893852],[-96.7935476095519,34.1326359893123],[-96.7935466104032,34.1326119899998],[-96.7935126097238,34.1325799894192],[-96.7934536096822,34.1325249895734],[-96.7930516099018,34.1321479892246],[-96.7927066100707,34.1318319898987],[-96.7912126090501,34.1304619894912],[-96.7904556089747,34.1297669897242],[-96.7900336091655,34.129378988867],[-96.7898316087795,34.1291939893043],[-96.7897066083706,34.1290659896792],[-96.7897006089925,34.129078989382],[-96.7895096091251,34.1290199893573],[-96.7894366084384,34.1290239895459],[-96.7888996087208,34.1290539891613],[-96.7877656082979,34.1290509890754],[-96.7868326082023,34.129050989119],[-96.7868016076642,34.1290509891204],[-96.7853096077282,34.1290509891901],[-96.7829886071226,34.1290439898738],[-96.7820466066097,34.1290439899179],[-96.7803356064107,34.1290369896738],[-96.7791266061077,34.1290399898691],[-96.7786646062686,34.1290399898907],[-96.7781656056131,34.1290409899603],[-96.7775396053638,34.1290389898969],[-96.7771376056088,34.1290379898695],[-96.7759526055194,34.1290409900637],[-96.7742106047822,34.129033989821],[-96.774088604521,34.1290339898267],[-96.7732126043709,34.1290399901455],[-96.7718366044177,34.1290389901634],[-96.7706166036041,34.129033989989],[-96.7697316039354,34.1290309898914],[-96.7684996034646,34.1290249905705],[-96.7677876028247,34.1290229905112],[-96.7666366025133,34.1290279898971],[-96.766230602362,34.1259059901608],[-96.766089602046,34.1248239895343],[-96.7649846014958,34.1163399879881],[-96.765671601708,34.1138559871626],[-96.7665686018595,34.1127659870165],[-96.766677601509,34.1126349872415],[-96.7669596019719,34.1122949876743],[-96.767570602375,34.1115549866593],[-96.7682786018827,34.1108539865461],[-96.7695886022854,34.1095609868745],[-96.7703256022393,34.1088719864162],[-96.7706306028676,34.1085059865435],[-96.7709346025505,34.1081449860031],[-96.7711856024399,34.1072809864583],[-96.771189602561,34.1063269863554],[-96.7708936021831,34.1042169858044],[-96.7706886024707,34.1027469852031],[-96.770606602226,34.1021579849164],[-96.7704726022423,34.1011879849784],[-96.7700046020807,34.1005329852511],[-96.7696596013391,34.1000499844884],[-96.7694426020448,34.0996959851956],[-96.7687936015569,34.0986339846194],[-96.7685776014097,34.0982809844736],[-96.7685106009936,34.098171984826],[-96.7682976009859,34.0978239849116],[-96.7674606007528,34.0964539844731],[-96.7671826004218,34.095997984058],[-96.7671316007462,34.0958699844292],[-96.7669806009133,34.0954889838834],[-96.7669306003849,34.095361984301],[-96.7666606004144,34.0947509839036],[-96.7658506005029,34.0929189836572],[-96.7655816005789,34.0923089833062],[-96.7655976004211,34.0923029839269],[-96.7656455999477,34.0922869831839],[-96.7656625998364,34.092281983851],[-96.7655586003963,34.0920819835892],[-96.7655016004437,34.0919699838022],[-96.7652915996652,34.0914639837669],[-96.76520560016,34.0912569831801],[-96.7653725998051,34.0911859834824],[-96.7656946003391,34.0910669833537],[-96.7661266005752,34.0909099832591],[-96.7664316003232,34.0908269829993],[-96.7668566002376,34.0907119830511],[-96.7672026000872,34.0906139829942],[-96.7677086001584,34.0904719835906],[-96.7676116001433,34.0902669830971],[-96.7674766001592,34.0899789832589],[-96.7674326008107,34.0898859834518],[-96.7673366008397,34.0896469831825],[-96.7672536005742,34.0894379834024],[-96.7675016003779,34.0893659827552],[-96.76814560055,34.0891809831531],[-96.7682456006883,34.0891499826124],[-96.7684936004919,34.089075982772],[-96.7687426003417,34.0890009828852],[-96.7688446005728,34.0889709832902],[-96.7694906008366,34.0887709829934],[-96.7695686008546,34.0887469827779],[-96.7697406007329,34.0886969831529],[-96.769989600583,34.0886249825056],[-96.7703046007942,34.0885339827743],[-96.7707366010323,34.0884069822701],[-96.7709856008824,34.0883349825223],[-96.7710736013799,34.0885459823948],[-96.7712026010873,34.0888569823987],[-96.7713266014612,34.0891549827003],[-96.7714766012222,34.0891549826933],[-96.7715746012703,34.0891619830129],[-96.7719406011584,34.0892189829369],[-96.7721016014317,34.0892539827512],[-96.7728046016646,34.0894099827466],[-96.7733136018905,34.0894989823469],[-96.7734196023103,34.0895179823223],[-96.7735576024161,34.0895469827592],[-96.7740766022077,34.0896569824321],[-96.7742886021483,34.0896969824755],[-96.7745336018209,34.0897439828415],[-96.7747786023927,34.0897899831612],[-96.7748816026736,34.0898099822837],[-96.7753636025483,34.0899219829502],[-96.7755096021256,34.0899489823948],[-96.7757556027438,34.0899959827608],[-96.7759986023235,34.090039982988],[-96.7760756022977,34.0900549827795],[-96.7767276028619,34.0901849824728],[-96.7769706033413,34.0902339829315],[-96.7772156030142,34.090286982676],[-96.7774906031795,34.0903469827432],[-96.7779546031171,34.0904319830597],[-96.7780906031298,34.0904569824122],[-96.7782016028826,34.0904819826652],[-96.7784436033158,34.0905349824098],[-96.778775603427,34.0906079830762],[-96.7791746030478,34.0906819828864],[-96.7792986034033,34.0907049830463],[-96.7794186035735,34.0907309824458],[-96.7796556037747,34.0907819829973],[-96.7800516041565,34.090867982464],[-96.7803696036178,34.0909299826218],[-96.7806086039115,34.0909779830343],[-96.7806766034532,34.0907669822553],[-96.7808296042113,34.0901549826912],[-96.7808406038193,34.0901139825911],[-96.780893603568,34.0899519822827],[-96.7809586038704,34.0897489827735],[-96.7810706036448,34.0894059821761],[-96.7811426042674,34.089137982355],[-96.7811986041523,34.0889329818542],[-96.7812146039908,34.0888719826265],[-96.7812576041769,34.088735982623],[-96.7813976043446,34.0883069825392],[-96.7814406036298,34.0881479823702],[-96.7814946043218,34.0879509822399],[-96.7815486041145,34.0877519820171],[-96.7817136036314,34.0871559822939],[-96.7817356037471,34.0870789823251],[-96.7817806040272,34.086961982302],[-96.7820086038107,34.0870079817231],[-96.7826956041999,34.0871479818777],[-96.7829246040299,34.0871949822445],[-96.7837526046632,34.0873529814273],[-96.7840766044031,34.08741898177],[-96.7843326045861,34.0874719815139],[-96.7847566044667,34.0875449821761],[-96.7847576044849,34.0871269817087],[-96.7847586045059,34.0867499813409],[-96.7847566043542,34.0858739812522],[-96.7847566043261,34.0854569817305],[-96.7847576043568,34.0852239817346],[-96.7847576043515,34.0851459817206],[-96.7847616045062,34.0846879811996],[-96.7847636045765,34.0843549810703],[-96.7847636045672,34.08421598093],[-96.7847636045531,34.0840079811923],[-96.7847616044536,34.0839069810127],[-96.7847566042027,34.0836249814464],[-96.7847556041544,34.0835959810031],[-96.7847486047036,34.0832159813961],[-96.7847496047127,34.0826629809735],[-96.784750604739,34.0823639806198],[-96.7847506047382,34.0823519809635],[-96.7847596042184,34.0817909810695],[-96.7847146036813,34.0780899796895],[-96.7846996037984,34.0768019803112],[-96.7847326035285,34.0767789801441],[-96.7847796039071,34.0767469795597],[-96.7848636042013,34.0766939797998],[-96.7849306037078,34.0766509796045],[-96.7855686044842,34.076215980119],[-96.786305604449,34.0756889799666],[-96.7876956049857,34.0747159789193],[-96.7882036051338,34.0743389794272],[-96.7892606046348,34.073607978808],[-96.7895066052385,34.0734379790196],[-96.7908576048664,34.072469979105],[-96.7912696050672,34.0722069786002],[-96.7917546050548,34.0719289782969],[-96.7920576056056,34.0717879789492],[-96.7923196051544,34.0716459786577],[-96.7924316058476,34.0715919788503],[-96.7925306059384,34.0715459785146],[-96.7930646055053,34.0713439781304],[-96.793485606133,34.0712219787575],[-96.7935456062161,34.071204978867],[-96.7936306056594,34.0711829787438],[-96.7940416058247,34.0710809784987],[-96.7941996059534,34.0710339781139],[-96.7944396062857,34.0709649785053],[-96.7944756061557,34.0709549780407],[-96.794712606348,34.0708739778767],[-96.7949166059102,34.0708049782698],[-96.7951296058885,34.0707159786359],[-96.7953956065201,34.0705439778546],[-96.7955306064755,34.0704059777542],[-96.7956406061727,34.0702949780058],[-96.7958026064765,34.0700939776853],[-96.7958716060686,34.0699429778854],[-96.7959286060027,34.0697789783836],[-96.7959666059528,34.0695809782078],[-96.7959976064857,34.0695029781923],[-96.7960566065138,34.0693589778177],[-96.7960566065122,34.0693349776058],[-96.7960566065038,34.0692099781136],[-96.7960566065,34.0691529781725],[-96.7960576064961,34.0684059777611],[-96.7960436057802,34.0674129776519],[-96.7960266058231,34.0663999775162],[-96.7960556061902,34.0652359775817],[-96.7960516059224,34.0640119766693],[-96.7960286056737,34.0627989771666],[-96.7960246054596,34.0623719762826],[-96.7960276055045,34.0609709761682],[-96.7960156057444,34.0594389762846],[-96.7960176058053,34.0589639758759],[-96.796023605996,34.0576619758484],[-96.7960256051014,34.0563519754506],[-96.7960316052666,34.0546699749164],[-96.796025604898,34.0533239746509],[-96.7960246046678,34.0505869747338],[-96.7960176051734,34.0495559746635],[-96.796019605238,34.0491369741497],[-96.7960206052574,34.0487359744693],[-96.7960206052281,34.0482999740678],[-96.7960236052862,34.0470929739422],[-96.7960166048743,34.0457919739615],[-96.7960126046327,34.0449559739262],[-96.7960086044054,34.0443329729608],[-96.7960066042881,34.0439669731023],[-96.7960086042801,34.0424649728083],[-96.7960106043311,34.0418429727882],[-96.7960566046654,34.0418429727861],[-96.7961946047692,34.0418429727797],[-96.7962406042043,34.0418439728238],[-96.7980376047933,34.0418479729254],[-96.7993566057007,34.0418519730493],[-96.8034306066509,34.041827972648],[-96.8039576068059,34.0418259725309],[-96.8047906067616,34.0418339728626],[-96.8049796065321,34.0418329728075],[-96.8051396067567,34.0418319727537],[-96.8052286072863,34.0418319727496],[-96.8071136074588,34.0418309726156],[-96.8095156082236,34.0418519725769],[-96.8112526087276,34.041844972172],[-96.8125026091328,34.0418399718824],[-96.8132496086974,34.0418409718939],[-96.8133676087732,34.0418419719347],[-96.8134636087281,34.0418419719302],[-96.8143986089164,34.0418439719794],[-96.8162846100351,34.0418509722157],[-96.8168666100428,34.0418549723738],[-96.8178486097128,34.0418609717067],[-96.8178646104548,34.0418619717522],[-96.8189986099777,34.0418589715606],[-96.8194006106319,34.0418589715419],[-96.8202486103836,34.0418649717802],[-96.8213346112789,34.0418729721001],[-96.8239996116462,34.0418639715595],[-96.8252506120978,34.0418609713624],[-96.8255136117025,34.0418599713039],[-96.8260546125072,34.0418669716028],[-96.8266796127105,34.0418759710911],[-96.8284666128351,34.0418709716757],[-96.8292716132902,34.0418689715457],[-96.8295246133305,34.0418679714876],[-96.8302826134049,34.0418649713135],[-96.8305366134916,34.0418649713016],[-96.8317886139897,34.0418649712434],[-96.8321566139667,34.0418659712726],[-96.8330646138014,34.0418539715741],[-96.8355436145379,34.0418579707446],[-96.8367966150826,34.0418609708252],[-96.8390316152969,34.0418649709064],[-96.845736616839,34.041877970297],[-96.8479726179989,34.0418829704245],[-96.8483736177077,34.0418879706374],[-96.8483856182641,34.0418879706368],[-96.8496256182061,34.0418939708569],[-96.8499236185345,34.0418959700363],[-96.8500366183799,34.0419189701966],[-96.8501946185035,34.0417969699366],[-96.8508636180173,34.0413319699601],[-96.8518496187243,34.0406279696951],[-96.8526006184377,34.0400849697006],[-96.8529836190916,34.0398089694947],[-96.8538226192847,34.0392119696939],[-96.8546186192835,34.0386279695978],[-96.854718619419,34.0385569699031],[-96.8554466189677,34.0380479696853],[-96.8582436199254,34.0360399692162],[-96.8593556201743,34.0352559688387],[-96.8602916203635,34.0345829682126],[-96.8612516207653,34.0338949686897],[-96.8615206206352,34.0337009686883],[-96.862726620741,34.0328389682923],[-96.8628546212742,34.0327469685235],[-96.8632576210758,34.0327539679295],[-96.8694286221363,34.0327479682639],[-96.8705676227904,34.0327469681647],[-96.8739656238736,34.032773967458],[-96.8744676237683,34.0327679671569],[-96.8746486240661,34.0327509672607],[-96.8747786237975,34.0327299671816],[-96.8750116238051,34.0326609675734],[-96.8751116239424,34.032615967284],[-96.8752376243838,34.0325379672641],[-96.8753666240642,34.032448967634],[-96.8755116244846,34.0323309675599],[-96.8755706245179,34.0322639671531],[-96.8757256244988,34.0320879670911],[-96.8759436238015,34.0318799673432],[-96.8761456241626,34.0316949677617],[-96.8762676244185,34.0316169677419],[-96.8764256245446,34.0315319673965],[-96.876621624634,34.0314469670491],[-96.8781936246488,34.0309559667261],[-96.8787986248109,34.0307719671721],[-96.8797146249978,34.0304819671925],[-96.8801586248946,34.0303809669923],[-96.8803396251918,34.0303549666794],[-96.8805556253143,34.0303439670594],[-96.8809266254294,34.0303319664866],[-96.8839126262948,34.030368966262],[-96.8854786260643,34.0303699662355],[-96.8859876262833,34.0303609666945],[-96.8862606263504,34.0303419667014],[-96.8865686271393,34.0302969664022],[-96.8867926267305,34.0302419665433],[-96.887169627119,34.0301569661876],[-96.8874756269147,34.0300949669001],[-96.8876946271749,34.0300629663076],[-96.8879606269169,34.0300359668439],[-96.8881376270301,34.0300329666967],[-96.8884196275166,34.0300459663862],[-96.888517627565,34.0300569659916],[-96.8887546268652,34.0300849663776],[-96.8891666270875,34.0301419662996],[-96.8906716276386,34.0303349661721],[-96.8910556274608,34.0303769663001],[-96.8912076282141,34.0303829665708],[-96.8913636282527,34.0303759662395],[-96.8914986282157,34.0303519660213],[-96.891601627594,34.0303249665651],[-96.8917256279451,34.0302829664134],[-96.8918656281373,34.030219966188],[-96.8919806280693,34.0301519666316],[-96.8920886285747,34.0300649661958],[-96.89220762779,34.0299549664933],[-96.8925016279119,34.0296429664234],[-96.8933776279979,34.0286889662799],[-96.8940526286688,34.0279209657643],[-96.8943156282538,34.0276289657225],[-96.8944276289444,34.027535965908],[-96.894516628571,34.0274819661017],[-96.8946276283196,34.0274449652828],[-96.8947556288567,34.0274119655476],[-96.8948796283103,34.0273969657466],[-96.8951536284246,34.0273919655024],[-96.8955766291526,34.027384966058],[-96.8965656291469,34.0273899653441],[-96.8976406295327,34.0274119654134],[-96.8984136294026,34.0274009657675],[-96.8990286300408,34.0274009657389],[-96.8994316298419,34.0274009657201],[-96.9001206303151,34.0274159654832],[-96.9003206296965,34.0274169655202],[-96.9003056299254,34.0277899657034],[-96.9002926302774,34.0286179653689],[-96.900292630315,34.0291779661155],[-96.9002786306781,34.0308609657968],[-96.9002766306386,34.0316529664929],[-96.9002686303158,34.0323709664613],[-96.9002726306122,34.034022966505],[-96.9002646302803,34.0346049664719],[-96.9002586309383,34.0351539667094],[-96.9002706306353,34.0357479672309],[-96.9002756309193,34.0365249672323],[-96.9002696307038,34.0374589673086],[-96.9002826304562,34.0381869677389],[-96.9002896308744,34.0395789674359],[-96.9003176313745,34.0410849679134],[-96.900320630669,34.0418989678292],[-96.9004656310946,34.0418579677229],[-96.9004376307327,34.0424099681003],[-96.9004076312294,34.0437369683868],[-96.900379630879,34.0444599685875],[-96.9003206309226,34.0456729689932],[-96.9003176317037,34.045982968957],[-96.9003216310333,34.0466289691884],[-96.9003176318339,34.0479199696056],[-96.9003106315643,34.0487379697071],[-96.900303631316,34.049872969197],[-96.9003016312477,34.0502359698159],[-96.9002806312362,34.0511709699391],[-96.9002616313109,34.0520099701141],[-96.9002766320917,34.0532779703648],[-96.9002856316535,34.0539299699745],[-96.9002816314802,34.0541099702146],[-96.9002676317399,34.0542519704945],[-96.9002486317613,34.0542979699272],[-96.9002466316735,34.0543719706554],[-96.9002396322507,34.0544079705239],[-96.9000976319748,34.0546059707045],[-96.9000506315975,34.0546559703237],[-96.8998666320683,34.0547989706578],[-96.899713632174,34.0548819709105],[-96.8994946319179,34.0549759707762],[-96.89893663124,34.0552009704276],[-96.8981596312059,34.0555299704077],[-96.8974006311073,34.0558599704334],[-96.8968036313204,34.0561069711052],[-96.8964696311315,34.0562559708248],[-96.8963696309943,34.0563019711606],[-96.8962476307384,34.0563799711803],[-96.8961816312797,34.0564449705955],[-96.896145630513,34.0564949711135],[-96.8960916307136,34.0565919711105],[-96.8960376309156,34.0567109712266],[-96.8960246312183,34.0568019709439],[-96.8960166308595,34.0569839712767],[-96.8960196310271,34.0574069710761],[-96.8960416311935,34.0580849709896],[-96.896046631475,34.0588219709376],[-96.8960626313674,34.0595619719233],[-96.8960876307441,34.0598019713427],[-96.8961536311229,34.0600459718448],[-96.8962066308893,34.0601469720219],[-96.8963016308083,34.0603029720456],[-96.8964516314809,34.0604879716107],[-96.8967326310412,34.0607899720901],[-96.8972166319366,34.061329971888],[-96.8973666317105,34.0615239718699],[-96.8974456317857,34.0616619719602],[-96.8975046318317,34.0617829721637],[-96.8975426318024,34.0618919718127],[-96.8975636318861,34.0620299719057],[-96.897581631838,34.0622759716032],[-96.8976196318641,34.0632069724378],[-96.8976136316133,34.0636149724424],[-96.8975866321716,34.0637869723131],[-96.8975326314755,34.0639239723634],[-96.89717963134,34.0645939728233],[-96.8965196313917,34.0657619729721],[-96.8958026315044,34.0670179727013],[-96.8957296317245,34.0671349727258],[-96.8955986319594,34.0673429733689],[-96.8954706314284,34.0674659727744],[-96.8954216318573,34.0675119731078],[-96.8952656318243,34.0676019727853],[-96.8952356313338,34.0676199727208],[-96.8947976317198,34.0677899734175],[-96.8942616311605,34.067982973385],[-96.8940746314896,34.0680869728129],[-96.8939506311416,34.0681739732495],[-96.8938276308477,34.0683749735681],[-96.8937786312865,34.0685679735129],[-96.8938106310657,34.06996497344],[-96.8938206315948,34.0709349733836],[-96.8938476311628,34.0726379739887],[-96.8938516314329,34.0738939745835],[-96.8938566317678,34.0754229743281],[-96.8938706316,34.0766459751933],[-96.8938896316598,34.0778039748474],[-96.8938696317769,34.0799589756974],[-96.8938586321869,34.0802659755226],[-96.8938266316165,34.0804759753543],[-96.8938226323321,34.0805019756589],[-96.8935646321197,34.0813879753231],[-96.8934696322292,34.081653975952],[-96.8933746323271,34.0817499759045],[-96.8932406315135,34.0818089759444],[-96.8930886316625,34.0818469759122],[-96.8925936320914,34.0818379755187],[-96.8924636314593,34.0818369754784],[-96.8905096307846,34.0818229758207],[-96.8901516312713,34.0818209757448],[-96.8898846314814,34.0818229758499],[-96.8898426313328,34.081826976037],[-96.8897196310268,34.0818499762083],[-96.8896766308326,34.0818649760055],[-96.8895586307607,34.0819209759058],[-96.8895366306419,34.0819509754972],[-96.8895006307746,34.0819999759689],[-96.8894646309111,34.0821069755286],[-96.8894786309181,34.0859209767448],[-96.8894856313692,34.0877979773128],[-96.889497631061,34.0883119768282],[-96.8895036313578,34.0885869769697],[-96.889516631225,34.0910139778209],[-96.8895086318352,34.0922269782241],[-96.889500631486,34.0925489778442],[-96.8894176312411,34.0926459778425],[-96.8893476315951,34.0926849778528],[-96.8893236313826,34.0926989776028],[-96.8890756315756,34.0927199776873],[-96.8879726316903,34.0927039778974],[-96.8876696311309,34.0927139783745],[-96.8875436315857,34.092744978017],[-96.8874686308085,34.0927839780275],[-96.887389630748,34.0928629780916],[-96.8873386310872,34.0929539778105],[-96.887316630997,34.0934079781469],[-96.8873126308355,34.0937619783492],[-96.8872986311637,34.0949189788578],[-96.8872946310009,34.0952549782266],[-96.8872876316237,34.0959679788626],[-96.8872846315085,34.0963219790648],[-96.8872866316089,34.0964359789468],[-96.8872996313837,34.0974919792746],[-96.8872966313242,34.0986709790026],[-96.8872796315219,34.0999559791424],[-96.8885346321603,34.0999749790641],[-96.8891286318254,34.0999849794993],[-96.88932763206,34.099987979629],[-96.8908456323027,34.1000029793531],[-96.8923026333145,34.1000219792654],[-96.8935586330998,34.1000399791408],[-96.8944926332425,34.1000559789387],[-96.8952976336986,34.1000699786499],[-96.8956346340371,34.100075978912],[-96.8972956346149,34.100084979251],[-96.8976316340074,34.1000869793279],[-96.8982306348037,34.1000969788636],[-96.8995226344599,34.1001189789225],[-96.900591635466,34.1001279783899],[-96.9008296348109,34.1001299784714],[-96.9011466351211,34.1001329785955],[-96.9027486356627,34.1001649791029],[-96.9035736361463,34.1001709784428],[-96.9042206355707,34.1001749785978],[-96.9047766361713,34.100178978757],[-96.9070906364531,34.1002129784243],[-96.9076776366924,34.1002149784895],[-96.9100396373997,34.1002249779428],[-96.9114156373523,34.1002289780637],[-96.9115496381699,34.1002279780111],[-96.9133826386279,34.1002159782692],[-96.9157246393067,34.1002209783913],[-96.9160786386343,34.1002209783747],[-96.9173946394021,34.1002239775528],[-96.9175896394509,34.10022497759],[-96.9182366397745,34.1002279776986],[-96.9190576400725,34.1002329778918],[-96.9190826394332,34.1002339779369],[-96.9201806399848,34.1002349779318],[-96.9208286403547,34.1002369779942],[-96.9218856408038,34.1002389780373],[-96.922679640749,34.1002409780928],[-96.9233446410076,34.1002399780155],[-96.9245936413663,34.1002399779571],[-96.9264046417046,34.1002449772046],[-96.9284166423695,34.1002439770643],[-96.930893643013,34.1002529773652],[-96.9310396425884,34.1002539774046],[-96.9328396433155,34.1002519772279],[-96.9334106437122,34.1002549773401],[-96.9346846434319,34.1002609775583],[-96.9362556443329,34.1002699770022],[-96.9375126441628,34.1002639766657],[-96.9385086444813,34.1002659767117],[-96.9397836451464,34.100268976791],[-96.9415516452893,34.1002719768473],[-96.9436996459654,34.100275976932],[-96.9463196469442,34.1002829762343],[-96.9468556466172,34.1002839762555],[-96.9486236476594,34.1002879763581],[-96.9507876481779,34.1002909763958],[-96.9572826498728,34.1003029757483],[-96.9594476495384,34.1003069758323],[-96.9606236501093,34.1003069757773],[-96.9614576501104,34.1003079757846],[-96.9615376502228,34.1003099758734],[-96.9625216508857,34.1003349760856],[-96.9632736506841,34.1003689758259],[-96.9635586513097,34.1003819755152],[-96.9641486507913,34.1004209754946],[-96.9644216508608,34.1004399754622],[-96.9653206511837,34.1005259758045],[-96.965671651274,34.1005619756562],[-96.9659196519835,34.1005889759954],[-96.9664086521788,34.1006449758672],[-96.9670936515728,34.1007449759685],[-96.967708652218,34.1008489753589],[-96.9683036519354,34.1009499755106],[-96.9682976525599,34.1009989759809],[-96.9682806527205,34.1017329757907],[-96.9682746524623,34.1020289760056],[-96.9682756525222,34.1022289762721],[-96.9683096524831,34.1049359765955],[-96.9683166528347,34.1053359762289],[-96.968317652884,34.1053789764211],[-96.9683696526978,34.1068649768701],[-96.9683726528439,34.1069689771884],[-96.9683836524948,34.1075629768104],[-96.9683716528971,34.1084409769917],[-96.9683706528765,34.1088229775908],[-96.9683736530835,34.1098259772635],[-96.9683756531985,34.1101559772535],[-96.968378653354,34.1103969776195],[-96.9683966533896,34.1118799779313],[-96.9682796534294,34.1129009775436],[-96.9682856529171,34.1145089782473],[-96.9683656534443,34.1206399797138],[-96.9685696549699,34.136279982559],[-96.9685816546283,34.1362999825851],[-96.9685866549454,34.1375569823263],[-96.9686856555578,34.1452029837865],[-96.9688476558165,34.1575909862561],[-96.9687146562733,34.1624299872691],[-96.9686986564742,34.1630699872233],[-96.9686496570168,34.1647879876261],[-96.9686366564539,34.1653749878243],[-96.968524656928,34.1693699884311],[-96.9685066570354,34.1699989887753],[-96.9684886571431,34.1706319884055],[-96.9684316573379,34.1726899892616],[-96.9596046545308,34.1727049894714],[-96.9561116544413,34.1727129891065],[-96.9526536532768,34.1727209896393],[-96.9335106478653,34.1727539902673],[-96.9254606459974,34.1725449908614],[-96.9233426458129,34.1725409907756],[-96.8945176384074,34.1724899924651],[-96.8941506384769,34.172488992436],[-96.8895776368697,34.1724789921876],[-96.8895466372309,34.1724789921891],[-96.8877936368773,34.1723799921844],[-96.8870876365274,34.1725469927548],[-96.88695063647,34.1725469927612],[-96.8868796367751,34.1725469927646],[-96.8867766364956,34.1725469927694],[-96.8809486351508,34.1725419928113],[-96.8805756349421,34.1725419928288],[-96.8770826339516,34.1725389928538],[-96.8770446339882,34.1725389928555],[-96.8752366337888,34.1725369928478],[-96.8615466303119,34.1725209936485],[-96.8613566295955,34.1725199936111],[-96.8563926287433,34.1725129944191],[-96.8563656283904,34.1725099942814],[-96.8541906282661,34.1725919945827],[-96.852791628146,34.1725889945094],[-96.8520846277381,34.1725879944963],[-96.851883627411,34.1725869944594],[-96.8516846271766,34.1725869944687],[-96.85111062754,34.1725859944493],[-96.8504086273641,34.172584994436],[-96.8500276267842,34.1725839944075],[-96.8474256266392,34.172578994298],[-96.8458616260627,34.1725779943251],[-96.8456056258832,34.1725769942908],[-96.8435256256612,34.1725699949636],[-96.8431926255086,34.1725699949792],[-96.8417136252761,34.1725669949096],[-96.8386366237897,34.1725609947761],[-96.8377256238148,34.1725579946799]]]},"properties":{"PRECINCT":"2","PRECINCT_N":"Precinct 2","DIST_NAME":"Precinct 2"}},{"type":"Feature","geometry":{"type":"Polygon","coordinates":[[[-96.7132515923392,34.1725590005573],[-96.7130795924026,34.1717490008345],[-96.7130185922557,34.1715080004712],[-96.712936592032,34.1712340003796],[-96.7127245920518,34.1706090002308],[-96.7125945922993,34.1703200003462],[-96.7125215916026,34.1701770000241],[-96.7122835922293,34.169758000421],[-96.7121205918481,34.1695010002209],[-96.7116985920237,34.1688899998308],[-96.7116545917783,34.1688339999381],[-96.7115705914732,34.1687270003839],[-96.711489591308,34.1686300003933],[-96.7110505916046,34.1681689997543],[-96.7099175911527,34.1670569995839],[-96.7094305910211,34.166580000005],[-96.7088235907139,34.1659959999744],[-96.7083235908773,34.165494000138],[-96.7078215900471,34.1649719993756],[-96.7075745902671,34.164708999801],[-96.7073985901851,34.1644909996085],[-96.7072495904574,34.1642969996266],[-96.707072590326,34.1640339991494],[-96.7069605896172,34.1638569999529],[-96.7067835903849,34.1635919993831],[-96.7065785898456,34.1631989991835],[-96.7063295899536,34.1626509990042],[-96.7062115898542,34.1623009989927],[-96.7061335898179,34.162054999298],[-96.706011589527,34.161614998717],[-96.7059405898071,34.1612469987694],[-96.705916589578,34.1610179989598],[-96.705881589722,34.1605499988772],[-96.705865589853,34.1601599988076],[-96.7058695890169,34.1583539988279],[-96.7058755892727,34.1580229987911],[-96.7058895889629,34.1571399983777],[-96.7058825894397,34.1556929979328],[-96.7058855895507,34.1552769975579],[-96.7058965890733,34.1539749975303],[-96.7059105887165,34.1523979973608],[-96.7059205890711,34.1507849973233],[-96.7059295884692,34.1490109970262],[-96.705930588503,34.148823996462],[-96.7059315885471,34.1487909967328],[-96.7059655882466,34.1476309969834],[-96.7060065883313,34.1473679964959],[-96.7060495885106,34.1471319963591],[-96.706053588695,34.1471149964711],[-96.7061025882549,34.1469039965922],[-96.7061565889478,34.1467199961646],[-96.7062485886991,34.1464509962963],[-96.7064035886634,34.1460309966284],[-96.7065615887699,34.1456549962996],[-96.7065985886819,34.1455799964227],[-96.7066965887164,34.1453849963829],[-96.7067905885674,34.1452199959338],[-96.7069525888654,34.1449329961281],[-96.7070515889462,34.144736996042],[-96.7071665888709,34.1445609959819],[-96.7073555886229,34.1442839957386],[-96.707601589217,34.1439709956246],[-96.7077425885502,34.1438179957288],[-96.7080385887656,34.1435169961681],[-96.7086335893368,34.1429349952744],[-96.7086525893173,34.1429169953395],[-96.708925589368,34.1426529956942],[-96.7125585894214,34.1391619948722],[-96.7161745904835,34.1356449937465],[-96.7163215900957,34.1355029934604],[-96.7166085907946,34.1352249940656],[-96.7168205907187,34.1350199935575],[-96.7172635905468,34.134584994081],[-96.7179035905037,34.1339579937998],[-96.7179345910399,34.133928993355],[-96.7185835905147,34.133300993027],[-96.7187135911383,34.1331739934362],[-96.7191055913034,34.1327959930038],[-96.7192365910741,34.1326699934593],[-96.7225665914836,34.1294309926277],[-96.7230225919161,34.1290189924168],[-96.7222385915345,34.1290139922219],[-96.719745591047,34.1290109921994],[-96.7147065894115,34.1289829929369],[-96.7147085893093,34.1260949923239],[-96.7147075892613,34.1260709921121],[-96.7147025889583,34.1250169918762],[-96.7147015897294,34.1238039914731],[-96.7146965891027,34.1179519903259],[-96.7146975891077,34.1173379906763],[-96.7146995891449,34.1165149903433],[-96.7147125887497,34.1150509900095],[-96.7147065884294,34.1144269898973],[-96.7141525888206,34.1144259898768],[-96.712493588335,34.1144249899079],[-96.7124595876577,34.1144249899095],[-96.7119405878736,34.1144289901189],[-96.7107445872742,34.1144359904988],[-96.7104415876134,34.1144389906518],[-96.7071585864673,34.114449990415],[-96.7066785866928,34.1144519905299],[-96.7059635868132,34.1144529906096],[-96.7059745863136,34.1128159903599],[-96.7059905860926,34.1118729898663],[-96.7059935862096,34.1115439899221],[-96.7060035866112,34.1106239895943],[-96.7060235865757,34.1096799899534],[-96.7060295859146,34.1090869894773],[-96.7060305859498,34.1089199898391],[-96.7060435855383,34.1072139890926],[-96.70605358592,34.1059969885036],[-96.706052585811,34.1050679886589],[-96.7060625862105,34.1041139885555],[-96.7060615861251,34.1035349887279],[-96.7060615860769,34.1028199879993],[-96.7060615860675,34.102679988712],[-96.7060545856777,34.1017119879611],[-96.7060535855704,34.1008069883283],[-96.70606858532,34.1001149877646],[-96.7060775857237,34.0999129874049],[-96.7065635857766,34.0999129873823],[-96.7073815859358,34.0999129873441],[-96.7080215859353,34.0999179875458],[-96.7084575863679,34.099922987757],[-96.7085085860348,34.0999229877546],[-96.7089965861805,34.0999249878245],[-96.7094805861407,34.0999279879408],[-96.7104605866181,34.0999399875515],[-96.7109495868104,34.0999459878064],[-96.7108235863494,34.0997329878431],[-96.7107505865569,34.0996629873035],[-96.7105655869576,34.0994529874818],[-96.7104615866215,34.0993009876437],[-96.7104315861237,34.099212987168],[-96.7104195864561,34.0990569871404],[-96.7104155862378,34.0985689870295],[-96.7104005864157,34.0981849872376],[-96.7103865866496,34.0979449869182],[-96.710384586505,34.097172987148],[-96.7103805862156,34.0956299867545],[-96.7104015861886,34.094122986228],[-96.7104315857225,34.0932539864618],[-96.7104505864422,34.0908559860512],[-96.7104475862957,34.0907459863544],[-96.7104485863131,34.0903159862306],[-96.7104585858427,34.0897979856294],[-96.7104485862064,34.0887289855984],[-96.7104325854381,34.0883369854361],[-96.7104115862264,34.0877939854775],[-96.7104175855967,34.0876659849468],[-96.7104195856857,34.0876109850982],[-96.7103975854156,34.0853919848833],[-96.7095335858215,34.0853929849698],[-96.706941584341,34.0853959852294],[-96.7060775847468,34.0853969853159],[-96.7060705843743,34.0846839846802],[-96.7060725843037,34.0822549846338],[-96.7060755843285,34.0805559842117],[-96.7060765843041,34.0795029840216],[-96.706073584134,34.0790419842613],[-96.7060675837688,34.0777469836589],[-96.706081584375,34.0771079837505],[-96.7060845835157,34.0756339829538],[-96.7060785841042,34.0751489829819],[-96.7060725836703,34.072830982679],[-96.7060705835037,34.0717319821579],[-96.7060595838455,34.0710259827458],[-96.7060475832805,34.0708989822622],[-96.7060865832894,34.0708849825116],[-96.7061295834842,34.0708779821854],[-96.7061885835209,34.0708609822949],[-96.7063075836422,34.0708489826331],[-96.7072595837209,34.0708659824766],[-96.7081205840754,34.0708669824828],[-96.7081745838814,34.0708679825266],[-96.7093115844442,34.0708789820837],[-96.7093115844416,34.0708399820767],[-96.7154255855619,34.07085698168],[-96.7175695860542,34.070862981858],[-96.7175665867568,34.0700059817496],[-96.7177755865658,34.0701569815365],[-96.7179995861745,34.0703599819317],[-96.7181715869733,34.0706239815563],[-96.7182175864174,34.0707589815093],[-96.7182645868072,34.0708939814623],[-96.7182515862097,34.0709729815233],[-96.7182375864652,34.0710529816307],[-96.7181185863586,34.0712839815395],[-96.7179735868332,34.0713379822478],[-96.7177495863492,34.0714919821938],[-96.7175055867416,34.0717229821085],[-96.7172545868114,34.0719819824206],[-96.717148586403,34.0721349823147],[-96.7171425861374,34.0723219819798],[-96.7171555867531,34.0725149819218],[-96.7172475865313,34.0726459825869],[-96.717445586735,34.0728769824809],[-96.7177955867899,34.0730749826388],[-96.7181595865981,34.0733219823666],[-96.7182315872444,34.0734049826088],[-96.718231587258,34.0736079821151],[-96.7182685871836,34.0737349825976],[-96.7182045869245,34.0738939827676],[-96.7181625867826,34.0739969821424],[-96.7180535871401,34.0742339823286],[-96.7181195866121,34.0743659821418],[-96.7181855869805,34.0744539826159],[-96.7184435872587,34.0745419821816],[-96.7188005867286,34.0745859824035],[-96.7191035872885,34.0745799821116],[-96.7195585868021,34.0745649822953],[-96.7196055871828,34.0745639822468],[-96.7204175870688,34.0746399821305],[-96.7208005877507,34.0747779822067],[-96.7213685880162,34.0748929821088],[-96.7217655875538,34.0751069821059],[-96.7219635877532,34.0752769827731],[-96.7220225878088,34.0755409824029],[-96.7220885881871,34.0757769825346],[-96.7219835878301,34.0760029822113],[-96.7218245876622,34.0761569830537],[-96.7216735878667,34.0763329831155],[-96.7216135877927,34.0764859830075],[-96.7216075875224,34.0766019829826],[-96.7216665875676,34.0767119826769],[-96.721904587824,34.0768929829521],[-96.7220165876288,34.0770029826439],[-96.7222215881455,34.0770629827144],[-96.7225515881588,34.0770579824675],[-96.7227495883446,34.0770249827291],[-96.7229415882496,34.0769529829839],[-96.7232915882743,34.076699982945],[-96.7233905883654,34.0766559827018],[-96.724037588681,34.0765349824654],[-96.7246055889233,34.0763039825356],[-96.7246715883842,34.0762709828033],[-96.72507358903,34.0761449823468],[-96.7253845890597,34.0761119826031],[-96.725707588752,34.0761609821588],[-96.7259725893526,34.0762159828942],[-96.7264075888439,34.076286982564],[-96.7268565889855,34.0763749821208],[-96.7270885889589,34.0764849827063],[-96.7272265890686,34.0765729822777],[-96.7274715896518,34.0767869822818],[-96.7277025895788,34.0768969828674],[-96.7278675891481,34.0770779822467],[-96.7280785899463,34.0771879828332],[-96.7282305898089,34.0773199826424],[-96.7282775892992,34.0774519824565],[-96.7283365893403,34.0775009829239],[-96.7285675901641,34.0775729826494],[-96.7287265894429,34.0775719825957],[-96.7289705899643,34.0775559827429],[-96.7291625898726,34.0775339826146],[-96.7293135896832,34.0775829821783],[-96.7294195901081,34.0776769829282],[-96.7296315900504,34.0777429823769],[-96.7299085903036,34.0777309827077],[-96.7301465905456,34.0776979829674],[-96.7309055906617,34.0776209829643],[-96.7311105902742,34.0776099824454],[-96.7311895903369,34.077560982871],[-96.7312885904191,34.0773849828116],[-96.7314665905675,34.0772139820806],[-96.7318425909074,34.0770929827562],[-96.7321205903062,34.0770599821147],[-96.7323245907717,34.0770489824952],[-96.7325755907216,34.0770819822128],[-96.7327735909118,34.0771149819328],[-96.7329915911316,34.0771699826705],[-96.7331305912811,34.0771589821547],[-96.7333355908918,34.0771199821381],[-96.7335865908313,34.0769989819201],[-96.7339225911102,34.0768069820082],[-96.7340345908966,34.0766419824574],[-96.7342665908596,34.0765979822081],[-96.7344115912836,34.0765319818436],[-96.7345835911638,34.0765099817163],[-96.7348605914181,34.0765149819349],[-96.7350455910052,34.0765429823233],[-96.7352305914902,34.0765479825462],[-96.7356725912983,34.0765039822871],[-96.7359235912426,34.0764549818054],[-96.7361215914277,34.0764109824569],[-96.7363135913323,34.0763339824803],[-96.7366105916096,34.0762619818308],[-96.7369075918876,34.076201981737],[-96.7370655920191,34.0761959823512],[-96.7372175918735,34.0762069819541],[-96.7374955921812,34.0763169816381],[-96.7376205916866,34.0763829819901],[-96.7378975919446,34.0764429820572],[-96.73806959183,34.0764979818977],[-96.7382675920173,34.0764869822785],[-96.7383465920834,34.0764889823675],[-96.7384265921959,34.0764919816033],[-96.7386115917848,34.0765469823425],[-96.7387825925213,34.076573981786],[-96.7389675921043,34.0765409820482],[-96.7390935925477,34.0764919815723],[-96.7392185920442,34.0764259821079],[-96.7393375921545,34.0762499820476],[-96.7395225926313,34.0761349821105],[-96.7400175921854,34.075886981397],[-96.7403315923493,34.0757809818706],[-96.7403935925249,34.075760981841],[-96.7407235925329,34.0756779815801],[-96.7410575927292,34.0756359814186],[-96.7410675931291,34.0746869815467],[-96.7411015927157,34.0718409810777],[-96.7411125922627,34.0708929812521],[-96.7416185923433,34.0708899810896],[-96.7422985923985,34.0708879809654],[-96.7431365925859,34.0708919811116],[-96.7436425926669,34.0708949803276],[-96.7441015932664,34.0708969803988],[-96.7447585931549,34.0709019805997],[-96.7454815934051,34.0708979803809],[-96.7459425940972,34.0708969803131],[-96.7480675946066,34.0708889807431],[-96.7500125948634,34.0708819803285],[-96.7505535947695,34.0708969800985],[-96.7521535952173,34.0709029803018],[-96.753605595996,34.0708949798638],[-96.7544455962762,34.0708989800099],[-96.755926596602,34.0709069803113],[-96.7565715968326,34.0709019800499],[-96.7565615963671,34.0708749796996],[-96.7565545960413,34.0708569797658],[-96.7565315967693,34.0707949804936],[-96.7565215963038,34.0707689801896],[-96.7562505962733,34.0699529801934],[-96.7565065962975,34.0676429793496],[-96.7565905965802,34.0674189797665],[-96.7568925961405,34.0666109792147],[-96.7574155960513,34.0657339790552],[-96.7577105961918,34.0650089787492],[-96.7578725964471,34.0640849791284],[-96.7578385966189,34.0633369786722],[-96.7577335962236,34.0629929789378],[-96.7577205965172,34.0629499787462],[-96.7576755962191,34.062799978998],[-96.7576115959386,34.0626389787413],[-96.7575995962794,34.0626079782059],[-96.7575655964959,34.062523978815],[-96.7569365959792,34.0606139785457],[-96.7561455951122,34.0582119779876],[-96.7557165947742,34.0547799773883],[-96.7557115954386,34.0547349771037],[-96.7555205945415,34.0527339770973],[-96.7565125955752,34.0527469767538],[-96.7571465952967,34.052755977141],[-96.7581925952365,34.0527609764246],[-96.7587095958278,34.0527679767246],[-96.7589925954616,34.0527819764603],[-96.7593295958013,34.0528039765639],[-96.7594745962309,34.0528229765375],[-96.7594865958881,34.0528249766296],[-96.7596525963931,34.0528559762585],[-96.759825596324,34.0528989764427],[-96.7599885957923,34.0529569764225],[-96.7600905960287,34.0530049768415],[-96.7602145963871,34.0530729763868],[-96.7603855962317,34.0532099764267],[-96.7604945958958,34.053295976806],[-96.7605225962966,34.0533209770629],[-96.7606735961127,34.0534539769185],[-96.7607935962904,34.0535909769607],[-96.7608255959802,34.0536599765566],[-96.7608535963811,34.053686976906],[-96.7608855960662,34.0536869769045],[-96.7610625961801,34.0536919771278],[-96.7610635962342,34.05380597701],[-96.761065596347,34.0541049764643],[-96.7610695965619,34.0545439770045],[-96.761067596523,34.0553449772183],[-96.7610675965508,34.0557589775006],[-96.7610665965124,34.0558789767613],[-96.7610665965368,34.0562419773802],[-96.7610665965449,34.0563629775865],[-96.763261596704,34.0563729770481],[-96.7633705972618,34.0563739770893],[-96.7647375976973,34.0563809773498],[-96.7660625979828,34.0563709768252],[-96.7698495991173,34.0563779769731],[-96.7720465993688,34.0563829771024],[-96.7733475994414,34.0563839770882],[-96.7755926001197,34.0563869762233],[-96.7772526006504,34.0563749764898],[-96.7777566006382,34.0563719763275],[-96.7785546007699,34.0563829767996],[-96.7794806014401,34.0563819767102],[-96.7803686012479,34.0563849759085],[-96.7805756018533,34.0563859759452],[-96.7813486017242,34.0563849758629],[-96.7824776019144,34.0563769763393],[-96.7827836017143,34.0563749762325],[-96.7836806019397,34.0563819765148],[-96.7846276026841,34.0563789763318],[-96.7847936022875,34.0563769762315],[-96.7849256030123,34.0563759761791],[-96.7849976027538,34.0563789763146],[-96.7850826030976,34.0563729760329],[-96.7858976031181,34.0563839765042],[-96.7870136036053,34.0563819763597],[-96.7884856035125,34.0563729758745],[-96.790637604375,34.056374975867],[-96.7912976044021,34.0563759758826],[-96.7923716047394,34.0563599759911],[-96.7929956048955,34.0563549757305],[-96.7946826048799,34.0563499754206],[-96.7960256051014,34.0563519754506],[-96.796023605996,34.0576619758484],[-96.7960176058053,34.0589639758759],[-96.7960156057444,34.0594389762846],[-96.7960276055045,34.0609709761682],[-96.7960246054596,34.0623719762826],[-96.7960286056737,34.0627989771666],[-96.7960516059224,34.0640119766693],[-96.7960556061902,34.0652359775817],[-96.7960266058231,34.0663999775162],[-96.7960436057802,34.0674129776519],[-96.7960576064961,34.0684059777611],[-96.7960566065,34.0691529781725],[-96.7960566065038,34.0692099781136],[-96.7960566065122,34.0693349776058],[-96.7960566065138,34.0693589778177],[-96.7959976064857,34.0695029781923],[-96.7959666059528,34.0695809782078],[-96.7959286060027,34.0697789783836],[-96.7958716060686,34.0699429778854],[-96.7958026064765,34.0700939776853],[-96.7956406061727,34.0702949780058],[-96.7955306064755,34.0704059777542],[-96.7953956065201,34.0705439778546],[-96.7951296058885,34.0707159786359],[-96.7949166059102,34.0708049782698],[-96.794712606348,34.0708739778767],[-96.7944756061557,34.0709549780407],[-96.7944396062857,34.0709649785053],[-96.7941996059534,34.0710339781139],[-96.7940416058247,34.0710809784987],[-96.7936306056594,34.0711829787438],[-96.7935456062161,34.071204978867],[-96.793485606133,34.0712219787575],[-96.7930646055053,34.0713439781304],[-96.7925306059384,34.0715459785146],[-96.7924316058476,34.0715919788503],[-96.7923196051544,34.0716459786577],[-96.7920576056056,34.0717879789492],[-96.7917546050548,34.0719289782969],[-96.7912696050672,34.0722069786002],[-96.7908576048664,34.072469979105],[-96.7895066052385,34.0734379790196],[-96.7892606046348,34.073607978808],[-96.7882036051338,34.0743389794272],[-96.7876956049857,34.0747159789193],[-96.786305604449,34.0756889799666],[-96.7855686044842,34.076215980119],[-96.7849306037078,34.0766509796045],[-96.7848636042013,34.0766939797998],[-96.7847796039071,34.0767469795597],[-96.7847326035285,34.0767789801441],[-96.7846996037984,34.0768019803112],[-96.7847146036813,34.0780899796895],[-96.7847596042184,34.0817909810695],[-96.7847506047382,34.0823519809635],[-96.784750604739,34.0823639806198],[-96.7847496047127,34.0826629809735],[-96.7847486047036,34.0832159813961],[-96.7847556041544,34.0835959810031],[-96.7847566042027,34.0836249814464],[-96.7847616044536,34.0839069810127],[-96.7847636045531,34.0840079811923],[-96.7847636045672,34.08421598093],[-96.7847636045765,34.0843549810703],[-96.7847616045062,34.0846879811996],[-96.7847576043515,34.0851459817206],[-96.7847576043568,34.0852239817346],[-96.7847566043261,34.0854569817305],[-96.7847566043542,34.0858739812522],[-96.7847586045059,34.0867499813409],[-96.7847576044849,34.0871269817087],[-96.7847566044667,34.0875449821761],[-96.7843326045861,34.0874719815139],[-96.7840766044031,34.08741898177],[-96.7837526046632,34.0873529814273],[-96.7829246040299,34.0871949822445],[-96.7826956041999,34.0871479818777],[-96.7820086038107,34.0870079817231],[-96.7817806040272,34.086961982302],[-96.7817356037471,34.0870789823251],[-96.7817136036314,34.0871559822939],[-96.7815486041145,34.0877519820171],[-96.7814946043218,34.0879509822399],[-96.7814406036298,34.0881479823702],[-96.7813976043446,34.0883069825392],[-96.7812576041769,34.088735982623],[-96.7812146039908,34.0888719826265],[-96.7811986041523,34.0889329818542],[-96.7811426042674,34.089137982355],[-96.7810706036448,34.0894059821761],[-96.7809586038704,34.0897489827735],[-96.780893603568,34.0899519822827],[-96.7808406038193,34.0901139825911],[-96.7808296042113,34.0901549826912],[-96.7806766034532,34.0907669822553],[-96.7806086039115,34.0909779830343],[-96.7803696036178,34.0909299826218],[-96.7800516041565,34.090867982464],[-96.7796556037747,34.0907819829973],[-96.7794186035735,34.0907309824458],[-96.7792986034033,34.0907049830463],[-96.7791746030478,34.0906819828864],[-96.778775603427,34.0906079830762],[-96.7784436033158,34.0905349824098],[-96.7782016028826,34.0904819826652],[-96.7780906031298,34.0904569824122],[-96.7779546031171,34.0904319830597],[-96.7774906031795,34.0903469827432],[-96.7772156030142,34.090286982676],[-96.7769706033413,34.0902339829315],[-96.7767276028619,34.0901849824728],[-96.7760756022977,34.0900549827795],[-96.7759986023235,34.090039982988],[-96.7757556027438,34.0899959827608],[-96.7755096021256,34.0899489823948],[-96.7753636025483,34.0899219829502],[-96.7748816026736,34.0898099822837],[-96.7747786023927,34.0897899831612],[-96.7745336018209,34.0897439828415],[-96.7742886021483,34.0896969824755],[-96.7740766022077,34.0896569824321],[-96.7735576024161,34.0895469827592],[-96.7734196023103,34.0895179823223],[-96.7733136018905,34.0894989823469],[-96.7728046016646,34.0894099827466],[-96.7721016014317,34.0892539827512],[-96.7719406011584,34.0892189829369],[-96.7715746012703,34.0891619830129],[-96.7714766012222,34.0891549826933],[-96.7713266014612,34.0891549827003],[-96.7712026010873,34.0888569823987],[-96.7710736013799,34.0885459823948],[-96.7709856008824,34.0883349825223],[-96.7707366010323,34.0884069822701],[-96.7703046007942,34.0885339827743],[-96.769989600583,34.0886249825056],[-96.7697406007329,34.0886969831529],[-96.7695686008546,34.0887469827779],[-96.7694906008366,34.0887709829934],[-96.7688446005728,34.0889709832902],[-96.7687426003417,34.0890009828852],[-96.7684936004919,34.089075982772],[-96.7682456006883,34.0891499826124],[-96.76814560055,34.0891809831531],[-96.7675016003779,34.0893659827552],[-96.7672536005742,34.0894379834024],[-96.7673366008397,34.0896469831825],[-96.7674326008107,34.0898859834518],[-96.7674766001592,34.0899789832589],[-96.7676116001433,34.0902669830971],[-96.7677086001584,34.0904719835906],[-96.7672026000872,34.0906139829942],[-96.7668566002376,34.0907119830511],[-96.7664316003232,34.0908269829993],[-96.7661266005752,34.0909099832591],[-96.7656946003391,34.0910669833537],[-96.7653725998051,34.0911859834824],[-96.76520560016,34.0912569831801],[-96.7652915996652,34.0914639837669],[-96.7655016004437,34.0919699838022],[-96.7655586003963,34.0920819835892],[-96.7656625998364,34.092281983851],[-96.7656455999477,34.0922869831839],[-96.7655976004211,34.0923029839269],[-96.7655816005789,34.0923089833062],[-96.7658506005029,34.0929189836572],[-96.7666606004144,34.0947509839036],[-96.7669306003849,34.095361984301],[-96.7669806009133,34.0954889838834],[-96.7671316007462,34.0958699844292],[-96.7671826004218,34.095997984058],[-96.7674606007528,34.0964539844731],[-96.7682976009859,34.0978239849116],[-96.7685106009936,34.098171984826],[-96.7685776014097,34.0982809844736],[-96.7687936015569,34.0986339846194],[-96.7694426020448,34.0996959851956],[-96.7696596013391,34.1000499844884],[-96.7700046020807,34.1005329852511],[-96.7704726022423,34.1011879849784],[-96.770606602226,34.1021579849164],[-96.7706886024707,34.1027469852031],[-96.7708936021831,34.1042169858044],[-96.771189602561,34.1063269863554],[-96.7711856024399,34.1072809864583],[-96.7709346025505,34.1081449860031],[-96.7706306028676,34.1085059865435],[-96.7703256022393,34.1088719864162],[-96.7695886022854,34.1095609868745],[-96.7682786018827,34.1108539865461],[-96.767570602375,34.1115549866593],[-96.7669596019719,34.1122949876743],[-96.766677601509,34.1126349872415],[-96.7665686018595,34.1127659870165],[-96.765671601708,34.1138559871626],[-96.7649846014958,34.1163399879881],[-96.766089602046,34.1248239895343],[-96.766230602362,34.1259059901608],[-96.7666366025133,34.1290279898971],[-96.7677876028247,34.1290229905112],[-96.7684996034646,34.1290249905705],[-96.7697316039354,34.1290309898914],[-96.7706166036041,34.129033989989],[-96.7718366044177,34.1290389901634],[-96.7732126043709,34.1290399901455],[-96.774088604521,34.1290339898267],[-96.7742106047822,34.129033989821],[-96.7759526055194,34.1290409900637],[-96.7771376056088,34.1290379898695],[-96.7775396053638,34.1290389898969],[-96.7781656056131,34.1290409899603],[-96.7786646062686,34.1290399898907],[-96.7791266061077,34.1290399898691],[-96.7803356064107,34.1290369896738],[-96.7820466066097,34.1290439899179],[-96.7829886071226,34.1290439898738],[-96.7853096077282,34.1290509891901],[-96.7868016076642,34.1290509891204],[-96.7868326082023,34.129050989119],[-96.7877656082979,34.1290509890754],[-96.7888996087208,34.1290539891613],[-96.7894366084384,34.1290239895459],[-96.7895096091251,34.1290199893573],[-96.7897006089925,34.129078989382],[-96.7897066083706,34.1290659896792],[-96.7898316087795,34.1291939893043],[-96.7900336091655,34.129378988867],[-96.7904556089747,34.1297669897242],[-96.7912126090501,34.1304619894912],[-96.7927066100707,34.1318319898987],[-96.7930516099018,34.1321479892246],[-96.7934536096822,34.1325249895734],[-96.7935126097238,34.1325799894192],[-96.7935466104032,34.1326119899998],[-96.7935476095519,34.1326359893123],[-96.7935476095533,34.1326569893852],[-96.7942536099567,34.1332759901324],[-96.7945296101807,34.1335199897253],[-96.7950596105067,34.1339879897848],[-96.7956566103473,34.1345329898089],[-96.7958486102689,34.1347079898084],[-96.7972156107881,34.1359539898765],[-96.7972876114333,34.1360209902772],[-96.7973686115971,34.1360959901486],[-96.7983286112062,34.1369859899411],[-96.7991826121869,34.1377509902464],[-96.8001506121683,34.1386609909645],[-96.800820612701,34.139279990814],[-96.8010846123686,34.1395239904074],[-96.80142661206,34.1398309911154],[-96.8019356123109,34.1402889907128],[-96.8030136129023,34.1412859909572],[-96.8033526133541,34.1415949908586],[-96.8038656128917,34.1420619908725],[-96.8043526130207,34.1425049906758],[-96.8044506130743,34.1425939911945],[-96.8058816138688,34.1439209914125],[-96.8066686144368,34.1446289917798],[-96.8069786144412,34.1449079911929],[-96.8073446143482,34.1452449914901],[-96.8078566147392,34.1457169917356],[-96.8083346144514,34.1461679919097],[-96.8084946146861,34.1463179916524],[-96.8086766150431,34.1464899915135],[-96.8089806147691,34.1467659916872],[-96.8091436151429,34.1469149913836],[-96.8102286151588,34.1479009920176],[-96.8103956157182,34.1480529918526],[-96.8105476155812,34.1481909919395],[-96.8105926149726,34.1482309919908],[-96.8111946159473,34.1488179921604],[-96.8114476160021,34.149031992164],[-96.8119456157404,34.1494529918475],[-96.8126226156994,34.1500859923448],[-96.813449616327,34.1508449923735],[-96.8138536161998,34.1512159924443],[-96.8147406169162,34.1520409919286],[-96.8147666163248,34.1520649921393],[-96.8153106173043,34.1525989925558],[-96.8161336168454,34.1533299921876],[-96.816407616976,34.1535629921705],[-96.8167736177806,34.1538749922095],[-96.8171816178406,34.1542719925847],[-96.8175796174364,34.1546609925899],[-96.8178766177379,34.1549499924666],[-96.8183026177324,34.1553339931383],[-96.8191056181444,34.1560619926321],[-96.8202926183997,34.1571399930241],[-96.8207966184187,34.1575979926217],[-96.821326618747,34.1580999933559],[-96.8218096186914,34.1585549928156],[-96.8219796193906,34.1587159930671],[-96.8226126191033,34.1592809931161],[-96.8234266191272,34.1600259933964],[-96.8238266197136,34.1603929932822],[-96.8238886198944,34.1604499932204],[-96.8242186199283,34.1607509936512],[-96.824734619605,34.1612169936185],[-96.825350620328,34.1617809936219],[-96.825935620513,34.1623469937194],[-96.826116619923,34.1624979935074],[-96.8267936207801,34.1631139941169],[-96.8268576201545,34.1631729941476],[-96.8276726211252,34.1639349943156],[-96.827720620656,34.1639789936525],[-96.8284056209854,34.1646029937326],[-96.8285586208946,34.1647399937732],[-96.8291086212504,34.1652329940897],[-96.8300096217173,34.1660669939899],[-96.8307246216407,34.1667159943268],[-96.8311566219131,34.1670949938673],[-96.8315766216309,34.1675029947512],[-96.832063621762,34.1679759941446],[-96.8321116221916,34.1680129940568],[-96.8323566218737,34.1681999946093],[-96.8324866225148,34.1683329944657],[-96.8341416229172,34.1698489944301],[-96.8345356232251,34.1702119950304],[-96.8348816231022,34.1705219949776],[-96.8353316233109,34.1709149951655],[-96.8355856234121,34.171128995169],[-96.8358306231018,34.1714279946118],[-96.83638062345,34.171809995185],[-96.836648623298,34.1719779948567],[-96.8369806234183,34.1721839953855],[-96.8374286235241,34.1724289950165],[-96.8375426243171,34.1724799946745],[-96.8377256238148,34.1725579946799],[-96.8367686235057,34.1725569946785],[-96.8356876237423,34.1725599948681],[-96.831581622205,34.1725459953118],[-96.830738621786,34.1725449953049],[-96.8303696217626,34.1725429952297],[-96.8302836222715,34.1725449953263],[-96.828589621962,34.1725409952205],[-96.8229896203968,34.1725399954367],[-96.8229616199978,34.1725409954843],[-96.8213436196152,34.1725409955602],[-96.8183256190662,34.1725409957016],[-96.8180216193635,34.1726079961199],[-96.8178996191038,34.1726299962449],[-96.8170286182858,34.1726279961931],[-96.8160986183292,34.1726249960978],[-96.8142986176009,34.172620995997],[-96.8124376176406,34.1726059962891],[-96.8121956172109,34.1726049962541],[-96.8116226176209,34.1726069963736],[-96.8109036175546,34.1725879964269],[-96.8091596167222,34.1725409961312],[-96.8030416154187,34.1725399963717],[-96.8029936149916,34.1725409964202],[-96.7999926143315,34.1725429966535],[-96.7978236135801,34.1725429967551],[-96.7977786141921,34.1725529972202],[-96.7974696133533,34.1725479970032],[-96.7972716140649,34.1725519971976],[-96.7971636135516,34.1725229967593],[-96.7825446101575,34.1724549978933],[-96.7740286073777,34.17248299779],[-96.7584916036911,34.1725339990804],[-96.7567406034366,34.1725389984945],[-96.7525586019732,34.1725529993386],[-96.7523536023599,34.1725529993482],[-96.7520276025318,34.1725529993635],[-96.751646601952,34.1725539994276],[-96.7503416016932,34.1725459991183],[-96.7497936014632,34.1725429990051],[-96.7486106014658,34.1725379988289],[-96.7480456013469,34.1725349996158],[-96.7364285977627,34.1725309999746],[-96.7300875969093,34.1725320003178],[-96.726042595502,34.1725320005071],[-96.7235785945597,34.172516999928],[-96.722425594156,34.1725310006302],[-96.7182905930753,34.1725810004407],[-96.7132515923392,34.1725590005573]]]},"properties":{"PRECINCT":"3","PRECINCT_N":"Precinct 3","DIST_NAME":"Precinct 3"}},{"type":"Feature","geometry":{"type":"Polygon","coordinates":[[[-96.6805685656346,33.8969659513977],[-96.6806475656903,33.8968109514121],[-96.680726565746,33.8966559514265],[-96.680954565497,33.8962099514504],[-96.6812185650992,33.8954709513965],[-96.6815015655791,33.8946809507791],[-96.6816375655424,33.8939589506188],[-96.682095565035,33.8915239502716],[-96.6822515650191,33.8906919504133],[-96.6825535654268,33.889087949878],[-96.6829265655044,33.8871029496854],[-96.6830795653508,33.8862909489546],[-96.6834715654046,33.8842229494148],[-96.6835085652775,33.8835549490613],[-96.6830055652423,33.8821409483669],[-96.6824895644942,33.8790619479245],[-96.6823125643062,33.877935947959],[-96.6821105647471,33.8766509478274],[-96.6821225643022,33.8751069473854],[-96.6822165640835,33.8738819473203],[-96.6824765643089,33.8717689466023],[-96.6830555640096,33.869227945838],[-96.6830955640559,33.869078946132],[-96.6835745645688,33.8673439458183],[-96.6841085640078,33.865199945451],[-96.684154564324,33.8649249453067],[-96.6842105642098,33.8647299452688],[-96.684734564106,33.8629109446611],[-96.6853605642485,33.8612939444081],[-96.6860465644773,33.8597079446884],[-96.6868405642819,33.8575719437802],[-96.6881985650042,33.8546189436893],[-96.6891445646912,33.8529179431297],[-96.6896095646086,33.8519959426874],[-96.6898765643641,33.8514679425102],[-96.6907155644984,33.8499649421298],[-96.6918145649934,33.8483939421863],[-96.6926535651584,33.8473559417519],[-96.6930355657583,33.8469569412469],[-96.6935535654606,33.8464179414481],[-96.693920565351,33.8458069410206],[-96.6952325658266,33.844181941265],[-96.6966975662002,33.8425269410128],[-96.6978905665615,33.841019940431],[-96.6982685660714,33.840542939912],[-96.6995815666024,33.8390549402043],[-96.7007865666443,33.8379029398708],[-96.7019205670056,33.8369709398341],[-96.701992566743,33.8369109397507],[-96.702139567257,33.8368039392864],[-96.7032735676255,33.8359809389006],[-96.7044645670312,33.835026938742],[-96.7066155677684,33.8338289389333],[-96.7081415683314,33.8330659386095],[-96.7102165691734,33.8323489385918],[-96.7108115688699,33.8321279382246],[-96.7124295692203,33.8316389379924],[-96.7137415697828,33.8313339381997],[-96.71448856934,33.8312199373838],[-96.7159995701419,33.8309909375035],[-96.7168845707092,33.8309829379919],[-96.7174645706129,33.8308149373814],[-96.7177645701317,33.8307689379358],[-96.7189295710809,33.8305939378736],[-96.7193755710757,33.8305679375487],[-96.721187571454,33.8304639371469],[-96.7230645721511,33.8304029369345],[-96.725109572543,33.830318937448],[-96.7254155723377,33.8302389373272],[-96.7264835723796,33.8299609369972],[-96.7283145727116,33.8294339367945],[-96.7295195737018,33.829027936827],[-96.7299925731412,33.8288699366844],[-96.7316255741937,33.8284809365851],[-96.7330905746581,33.8282059363757],[-96.7334415747405,33.8281219360677],[-96.7356695745957,33.8275969359394],[-96.7371935750982,33.8273269359589],[-96.7383855754984,33.8271159360274],[-96.7405365762886,33.8267269359042],[-96.7420915764297,33.8264529357371],[-96.7425815766622,33.8263679353764],[-96.7437865767602,33.8260709350596],[-96.7441685773938,33.8261849358238],[-96.7449925769115,33.8258799351542],[-96.7460455771639,33.8257049350972],[-96.7462415772575,33.8256819349226],[-96.7462945779161,33.8256749354954],[-96.7464525771474,33.8256559355078],[-96.7465065778523,33.8256499352275],[-96.7471435777071,33.8255739352767],[-96.7472645779207,33.8255549352907],[-96.7482425782943,33.8254059355417],[-96.7494475784028,33.8252689354385],[-96.7495365780317,33.8252489354078],[-96.7502835784849,33.8250849349748],[-96.7535065795224,33.8247239351996],[-96.7540475794234,33.8246639350947],[-96.7574445804494,33.8245159343816],[-96.7601955812043,33.8244609344069],[-96.761594581321,33.8244129339189],[-96.763189581561,33.8247889341676],[-96.7634225815769,33.8248439340055],[-96.7646075816725,33.8249399338993],[-96.7662415828314,33.8254649347497],[-96.7663205829014,33.8255269340194],[-96.7669875823881,33.8260499348216],[-96.7676735827484,33.8264609340345],[-96.7679455827812,33.8266239343744],[-96.7693845839133,33.8274839345565],[-96.7699055838472,33.8283499350586],[-96.7706825839877,33.8296269347933],[-96.7708665844525,33.8300319346507],[-96.7715495838462,33.8315329348684],[-96.7720585841399,33.8326539354865],[-96.7724545845733,33.8335259353727],[-96.7725675844335,33.8337739351588],[-96.7745385852826,33.8381149364087],[-96.7753035857691,33.839437936475],[-96.7763995863532,33.8413339369759],[-96.7767735866511,33.8419819372837],[-96.777111586256,33.8437979368133],[-96.7771645870038,33.8451439370779],[-96.777148586364,33.8466919377051],[-96.7771505864602,33.8467439374146],[-96.7772095865921,33.848167937693],[-96.7778135868631,33.8503319380344],[-96.7782835872128,33.8524469388111],[-96.7787905874912,33.8547399388343],[-96.7793835881,33.8561219389421],[-96.7795955881583,33.8579449397008],[-96.7797265879564,33.8582329395394],[-96.7805765888234,33.8601039397932],[-96.7816055889577,33.8613759401839],[-96.782324589077,33.862200940577],[-96.7834925893659,33.863539940466],[-96.7857575901493,33.864713940759],[-96.7868485904119,33.8652489402983],[-96.7874475903277,33.8655429403932],[-96.7880475911892,33.865836940488],[-96.7888875905966,33.8662469405468],[-96.7890395913545,33.866321940415],[-96.7890895909766,33.8663459406245],[-96.7900305914735,33.8668079412875],[-96.7942835927689,33.8688919413539],[-96.7959505927476,33.8692299407389],[-96.7973595933502,33.8695169413717],[-96.7978775930949,33.8696229408597],[-96.7983965937853,33.8697279412007],[-96.8055145956868,33.8711739412733],[-96.8127855974903,33.8726519410216],[-96.8232446005112,33.8738439408711],[-96.8241706002889,33.8739499403403],[-96.8270466014784,33.8744229405241],[-96.8281706014494,33.8746089409902],[-96.8311986024778,33.8748599407809],[-96.8321646023033,33.874840940756],[-96.8328866024535,33.8740309400919],[-96.8334496024597,33.8737359398973],[-96.8337936031087,33.8735309402825],[-96.8338496030522,33.8742079401488],[-96.8339186027081,33.8750179407764],[-96.8340106034577,33.8762409407398],[-96.8340616031696,33.876919940699],[-96.8340726027897,33.8770619409778],[-96.834146603583,33.8779659405615],[-96.83440560321,33.8811039410481],[-96.8344926037162,33.8821509418562],[-96.8345396041344,33.8827169419795],[-96.8346806035904,33.8844149423493],[-96.834728604055,33.8849809424726],[-96.8349116037023,33.8873189427949],[-96.8349456044081,33.8877489429172],[-96.8354606044434,33.8943359439006],[-96.8356446050365,33.896674944269],[-96.8356476051781,33.8967119441834],[-96.8356816049882,33.8971979442005],[-96.8356866052243,33.8972609444192],[-96.8357286054142,33.8978799442986],[-96.8357566049413,33.8982919444871],[-96.8357756049361,33.8984909447067],[-96.8358016052608,33.8987689449864],[-96.8358036053548,33.8987869449204],[-96.8358206052554,33.8989629449745],[-96.8358516049161,33.8992919449173],[-96.8358586052457,33.8993689448848],[-96.8358806053819,33.8995999447872],[-96.8358886048586,33.8996769447546],[-96.835911605041,33.8999059445644],[-96.8359166052763,33.8999579451731],[-96.8359486049827,33.9002779446991],[-96.8359496050325,33.9003289452617],[-96.8359656049067,33.900805944863],[-96.8359666049545,33.9008269449359],[-96.8359916052317,33.9010879453279],[-96.8360186056029,33.9013679448008],[-96.8360536054516,33.9017349456035],[-96.8360566055926,33.9017639451474],[-96.8361366057791,33.9028829456919],[-96.8361986051096,33.9036789456716],[-96.8362506057652,33.9043279460402],[-96.8363606055505,33.9055419455859],[-96.8363696059787,33.9057059459841],[-96.8364386056571,33.906852946027],[-96.8365946058197,33.9087149467946],[-96.8366056063382,33.9088409463326],[-96.8366136058164,33.9089409464656],[-96.8366256063824,33.909084946837],[-96.8366876057088,33.909818946644],[-96.8366886057568,33.9098439469021],[-96.8367156061335,33.910204946528],[-96.8367636057066,33.9108879466723],[-96.8367926061743,33.9112239469393],[-96.8368566064954,33.9119989468459],[-96.8368626058785,33.9120609470182],[-96.8368796066801,33.9122629473768],[-96.8368876061703,33.9125429468506],[-96.8368946065118,33.9127969469192],[-96.8368996058557,33.9129679476417],[-96.8369176067292,33.9135529477467],[-96.8369026060752,33.9141789470534],[-96.8368926065375,33.9145799476337],[-96.8368836061481,33.914999947295],[-96.8368546066299,33.9154199478565],[-96.8368046061579,33.9161399479198],[-96.8367936065573,33.9162929478096],[-96.8367776067218,33.9163989482216],[-96.8367496063358,33.9165959483507],[-96.8367396067763,33.9166689481337],[-96.8367126064362,33.9168569478462],[-96.8366966066012,33.9169719477754],[-96.8366496062423,33.9172999476755],[-96.8364776064246,33.9182629482034],[-96.8362546069451,33.9193009486089],[-96.8362256065088,33.9194389487043],[-96.8360126065789,33.920253948677],[-96.8358496062534,33.9208289483274],[-96.835826606991,33.9209109485277],[-96.835547606701,33.9217619492709],[-96.8352826061554,33.9225309489148],[-96.8350886061905,33.9230969490492],[-96.834959606528,33.9234569495353],[-96.8348006063797,33.9239059496469],[-96.8346056063684,33.9244689496423],[-96.8345796060668,33.9245399493335],[-96.8344506064043,33.9249009498659],[-96.8342746063701,33.9253949493638],[-96.8341046066115,33.9258519498463],[-96.833865606366,33.9265269496335],[-96.8336996067957,33.9270249502154],[-96.8334606065493,33.9276889503926],[-96.8331576060488,33.9285849505224],[-96.832990606431,33.9290659503173],[-96.8326596064344,33.9300169502969],[-96.8323086064107,33.9309819509257],[-96.8322886063863,33.9310369507752],[-96.8321776066549,33.9313329509952],[-96.8319166062902,33.9320329510415],[-96.8316096065015,33.9328989515812],[-96.8315186058968,33.9331629512181],[-96.8310326059379,33.9345709516795],[-96.8306446060033,33.9356279520729],[-96.8304146061732,33.9362739514163],[-96.8302436063717,33.9367819515621],[-96.8299906063796,33.93750595182],[-96.8298726063243,33.9378119525033],[-96.8298016057438,33.9380189521981],[-96.8297496060407,33.9381719520898],[-96.8296686058966,33.9383909523407],[-96.8296196063337,33.9385589520274],[-96.8291976057277,33.9397039528995],[-96.8291506062556,33.9398429521427],[-96.8290306061106,33.9401949522581],[-96.8287566059957,33.9401919530312],[-96.8282166061368,33.9401869528246],[-96.8277816057514,33.9401919530762],[-96.8270416056139,33.940215952423],[-96.8267446053318,33.9402129522978],[-96.826696605804,33.9402129523],[-96.8250196053843,33.9402179526091],[-96.8217156041654,33.9402279532249],[-96.8209486036732,33.9402239530751],[-96.8205546042896,33.9402269532322],[-96.8201806040347,33.9402299533884],[-96.8199966035957,33.9402159527487],[-96.8198926041676,33.940191953441],[-96.8197916039787,33.9401599528634],[-96.8196946039733,33.9400969526489],[-96.8196296036533,33.9400369534713],[-96.819470603464,33.9398699529411],[-96.8192296039615,33.9395899525788],[-96.8189486034952,33.9391849527261],[-96.8188316034579,33.9390659526178],[-96.8186906032055,33.9389209531054],[-96.8185986034326,33.9388689525007],[-96.8185246035966,33.93883995296],[-96.8184326029261,33.9388129526136],[-96.8183606031838,33.938798952868],[-96.8182716035532,33.9387939526406],[-96.8181756035991,33.9388049531544],[-96.8180776035531,33.9388289524714],[-96.8180206036093,33.9388489525008],[-96.817938603407,33.9388899526042],[-96.8178596033444,33.9389389530779],[-96.8177556030236,33.9390149530042],[-96.8175456031917,33.9392119531418],[-96.817228602904,33.9395469533784],[-96.8169486034276,33.9398069528388],[-96.8168246030793,33.9398899530901],[-96.8167536033868,33.9399279530541],[-96.8166526032029,33.9399699532048],[-96.8165126030097,33.9400199528282],[-96.816383602426,33.9400499533239],[-96.816156602695,33.9400949536193],[-96.8158046025637,33.9401399530211],[-96.8155746026915,33.9401539536799],[-96.8151266026028,33.9401619531716],[-96.8144186021504,33.9401859534163],[-96.8140276020084,33.9402159530247],[-96.8134366024859,33.9402619533831],[-96.8131496017695,33.9402789532842],[-96.8125136019562,33.9402799533599],[-96.8120176014393,33.9402709538654],[-96.8110426011933,33.9402439535598],[-96.8101306011701,33.9402099538264],[-96.8100206014653,33.9402089537851],[-96.8088536013104,33.9401959532372],[-96.8077736006917,33.9401619535115],[-96.8065306006085,33.9401249536546],[-96.8057656002086,33.9401149541263],[-96.8055655999277,33.9401119539966],[-96.8052365999614,33.9401239536681],[-96.8048966003842,33.9401329541005],[-96.8043456000157,33.9401359533655],[-96.8033685996798,33.9401519541515],[-96.8027925990519,33.9401619537418],[-96.8022855989256,33.9401729542746],[-96.8011035989761,33.9401839539391],[-96.8010325992812,33.9401849539887],[-96.800401598801,33.9401959536279],[-96.799745598961,33.9402189538238],[-96.7993955989195,33.9402189538399],[-96.7987865985584,33.9402049541192],[-96.7986475984081,33.9402009539405],[-96.7985415979898,33.9402059541768],[-96.7978545985075,33.9401759537189],[-96.797825598062,33.9401749536739],[-96.7951595976456,33.9401439541606],[-96.7950555973197,33.9401429541191],[-96.7942185971791,33.9401409540651],[-96.7941235972706,33.9401419541158],[-96.7940295974085,33.9401419541201],[-96.7931945973605,33.9401399540662],[-96.7910675967581,33.940134953933],[-96.7906305962796,33.9401349539531],[-96.7904085958776,33.9401269544924],[-96.7894805960118,33.9400939548059],[-96.7891895960077,33.9400889545879],[-96.787295595418,33.9400919548144],[-96.7863995952398,33.9400939549483],[-96.7855275952763,33.9401149550616],[-96.7848855951844,33.9401119549524],[-96.7843155948346,33.9401199544498],[-96.7832055946259,33.9401249547326],[-96.7829315945103,33.9401119550427],[-96.7823015940738,33.9400839546747],[-96.7818855936672,33.9400439546406],[-96.7815935936155,33.9400209544885],[-96.7813115940283,33.9400089548453],[-96.781135593961,33.9400079548071],[-96.7807435937713,33.9400189544352],[-96.7804965940091,33.9400169552533],[-96.7800545933003,33.9400409545863],[-96.7797735937616,33.9400609546259],[-96.7787275929312,33.9401839549732],[-96.7785735929862,33.9402049550534],[-96.7782865931686,33.940213954584],[-96.7768335932419,33.9402049551338],[-96.7763145925582,33.9402019550188],[-96.775776592793,33.9402119555067],[-96.7756455921147,33.9402149547523],[-96.7753545921125,33.9402369548851],[-96.7751375928424,33.9402419551265],[-96.7749885922292,33.9402509555501],[-96.7748435926996,33.9402419551401],[-96.7744465922774,33.9402439552511],[-96.7740955921884,33.9402299555185],[-96.773040591831,33.9402179550116],[-96.7720295917148,33.9401999551242],[-96.7716145913563,33.9401879554871],[-96.7715125911231,33.9401859553992],[-96.7711915915269,33.9401869554603],[-96.7702595914773,33.940178955133],[-96.7698755907575,33.9401649554019],[-96.7697955906485,33.9402139549763],[-96.7697675911495,33.9402249554869],[-96.7697205907692,33.9402309557669],[-96.768515590651,33.9402209553596],[-96.7681475906737,33.9402169551913],[-96.7648125898125,33.9401829555699],[-96.763497589089,33.9401549552335],[-96.7629155890801,33.9401329560405],[-96.7625365894914,33.9401189554098],[-96.7616105888196,33.94009495614],[-96.7611735892389,33.9400719559947],[-96.7611775886113,33.9413689557909],[-96.7611585887381,33.9429999566633],[-96.7611245891544,33.9459199569625],[-96.7611095893954,33.9464789567645],[-96.7611705897779,33.9502639575385],[-96.7611705898073,33.9507059573187],[-96.761187589768,33.9517839577665],[-96.7612345894443,33.9547119584322],[-96.7606295892698,33.9547139585529],[-96.759819589482,33.9547179587755],[-96.7591605895019,33.9547269583233],[-96.758817588885,33.9547179588218],[-96.7587025889482,33.9547149586882],[-96.7582135887562,33.9547129586182],[-96.7576715888047,33.9547109585507],[-96.7568825890917,33.9547189589575],[-96.756835588711,33.9547189589597],[-96.7566025886986,33.9547169588779],[-96.7564495887995,33.9547309586339],[-96.7557895887739,33.9547529587837],[-96.755753588004,33.9547539588316],[-96.7556725887449,33.9547589590669],[-96.755644588346,33.9547609591607],[-96.7555375887811,33.9547709587294],[-96.7554025879175,33.9547769590134],[-96.755142588452,33.9547789591181],[-96.7545905880362,33.9547689586806],[-96.7539425876654,33.9547569590542],[-96.7523725877096,33.9547519588953],[-96.7516365877565,33.9547639585856],[-96.7500095869571,33.9547719590313],[-96.7490065863147,33.9547879589191],[-96.7486985864222,33.9547929591648],[-96.748372586594,33.9547909590873],[-96.7478585861423,33.9547899590648],[-96.7459125858405,33.9548149594129],[-96.7437795849593,33.9548069591411],[-96.7373825833075,33.9547829592249],[-96.7352505833719,33.9547749598524],[-96.7335985832109,33.954768959651],[-96.7334595830607,33.9547689596574],[-96.7329975823225,33.9547729598639],[-96.7311735822797,33.9547659596241],[-96.7280875812743,33.9547529600642],[-96.7262975810094,33.9547459598228],[-96.7262915806784,33.9539519599331],[-96.7262915806486,33.9535049599214],[-96.726291580625,33.9531499596727],[-96.726298580914,33.9526149600828],[-96.7262965807738,33.9519019594466],[-96.7262895803955,33.951093959808],[-96.7262845810081,33.9502689593822],[-96.7262865801807,33.9499559592794],[-96.726285581022,33.9497819593171],[-96.7262845808932,33.9485419585624],[-96.7262915802485,33.9474909584641],[-96.7262935803313,33.9473409587136],[-96.7263075800592,33.9470109587224],[-96.7262765804073,33.9468129585497],[-96.7262935802816,33.9465929582554],[-96.7262965803991,33.9462689585425],[-96.7262925801918,33.9459399585984],[-96.726292580191,33.9459279580429],[-96.7263015805849,33.9455769579789],[-96.7262945802465,33.9453679581951],[-96.7262695799569,33.9449219582308],[-96.7262375802556,33.9446799578196],[-96.7262625804845,33.9442139578263],[-96.7262245805079,33.9440149585068],[-96.7261985801883,33.9438149582413],[-96.7261885797159,33.9436839584717],[-96.7260605800532,33.9433429579778],[-96.726024580176,33.9432459579849],[-96.7260205799857,33.9431729582025],[-96.7259935796286,33.9431069578459],[-96.7259925804587,33.9427629581065],[-96.7259925804366,33.9424299579771],[-96.7260935797009,33.9420829580941],[-96.7261005800132,33.9418979576221],[-96.7260225799818,33.9417199574782],[-96.726028580251,33.9415829574301],[-96.72621057969,33.9414769579098],[-96.726321580335,33.9413949577054],[-96.7263685798114,33.941319957828],[-96.7263935800602,33.9411529572893],[-96.7264245796758,33.9408029572706],[-96.7262735798539,33.9405829578835],[-96.726444579689,33.9405799577367],[-96.7265085799495,33.9404409575933],[-96.7262585800285,33.9401439573435],[-96.7261275802256,33.9397879570545],[-96.7258405794808,33.9393799570631],[-96.7255685794161,33.9387379570286],[-96.7255805799507,33.9384089570838],[-96.7257455794694,33.9378309572944],[-96.7256665794016,33.937802956901],[-96.7255475792821,33.9378419569136],[-96.7255085792767,33.9379079572732],[-96.7255085792817,33.9379839571947],[-96.7253695791338,33.9380169569304],[-96.7252575793349,33.9379959568626],[-96.7251385792073,33.9379129566224],[-96.7250465794303,33.9377979566981],[-96.7250335797217,33.9377209567309],[-96.7251325798062,33.9375779573],[-96.7252705799037,33.9374839565387],[-96.725389579122,33.9374179570747],[-96.7254485791527,33.9373089565219],[-96.7254285791191,33.9372259571765],[-96.7253365793453,33.9371599568229],[-96.7248155794613,33.9370559565283],[-96.724551578904,33.9369519571213],[-96.7244335788228,33.9368689568811],[-96.7244005790858,33.9367869566833],[-96.7244065793461,33.9365179568188],[-96.7244525796681,33.9363309571517],[-96.7245515788565,33.9362369563923],[-96.7244395790448,33.9360229563818],[-96.7244195790094,33.9359129566856],[-96.7245055793893,33.9357539565145],[-96.7246235794588,33.9356599566534],[-96.7248145793149,33.9355499569476],[-96.7247815795779,33.9354679567498],[-96.7247885789904,33.935275956853],[-96.7247755792719,33.9350499562824],[-96.7247815795298,33.9347429564571],[-96.7249795788122,33.9346489565924],[-96.7251375789367,33.9345389559887],[-96.7251185789533,33.9345129565844],[-96.7250985789248,33.9345059562612],[-96.7248015795472,33.9345829562427],[-96.7246495787961,33.9346109566469],[-96.7244585789316,33.9345939567679],[-96.7243665791534,33.9344619560565],[-96.7240825785562,33.9341819565954],[-96.7239175789798,33.9338909566195],[-96.7236735784344,33.9335449558993],[-96.7236405786955,33.9334349562038],[-96.7232185788957,33.9331819562005],[-96.7228825785748,33.9327429565747],[-96.7226975789681,33.9324189559712],[-96.7226055782818,33.9321549563427],[-96.7225725785353,33.9319299558192],[-96.7225985788288,33.9317369558754],[-96.7225855782165,33.9315949555965],[-96.7221235783745,33.9315509562786],[-96.7217545783452,33.9314629558186],[-96.7214185780297,33.9311059554927],[-96.7210485779249,33.9305779562443],[-96.7209765781741,33.930434955922],[-96.7208375780207,33.9303859554584],[-96.7206265781266,33.9303479555073],[-96.720396578249,33.9302819560594],[-96.7202455775384,33.9302219559863],[-96.7197825776409,33.9300399556749],[-96.719479577969,33.9298749561433],[-96.7193875772904,33.9297269555904],[-96.7192945774585,33.9294849560812],[-96.719268577134,33.9292109559867],[-96.7192155773657,33.9290789552735],[-96.7190965772392,33.9290129558205],[-96.7190045774676,33.9289799560954],[-96.7187745775911,33.9289299555897],[-96.7185035776106,33.9288589559122],[-96.718391576905,33.9287269552017],[-96.7182465773523,33.9283699557663],[-96.7179895770993,33.9279629558198],[-96.717784576562,33.9275899556464],[-96.7175205768933,33.9273259551265],[-96.7174155764941,33.9269189551729],[-96.7174815768387,33.9266499553057],[-96.7175995768962,33.9263749551582],[-96.7177445764158,33.9262329548722],[-96.7180145772353,33.9260949547655],[-96.7184825773414,33.9259249549668],[-96.7193595775222,33.9256829554129],[-96.7197685775903,33.9255119546713],[-96.7200455769403,33.9254409549685],[-96.7206845777843,33.9253199547326],[-96.7210135777522,33.9253309552268],[-96.7212245776415,33.9252979545884],[-96.7216665774555,33.9253409547603],[-96.7219175783068,33.9254069551065],[-96.7221085781779,33.9255229550726],[-96.7226815777883,33.9258249546397],[-96.7229455783446,33.9259129551046],[-96.7233145783773,33.9260549544676],[-96.7234865782623,33.9261049549761],[-96.7237365781662,33.9261429549253],[-96.7244285787807,33.9261869551319],[-96.7246395786748,33.926224955083],[-96.7249295786381,33.9263129546474],[-96.7252725783606,33.9263959548772],[-96.7255035791799,33.9264009550981],[-96.7257605785057,33.9263899545769],[-96.7260835790875,33.9262929545675],[-96.726261579244,33.9262409548496],[-96.7265775794982,33.9260979545094],[-96.7267555787505,33.9259719549626],[-96.7270785793063,33.92548295479],[-96.7271775793842,33.9252409543727],[-96.7272765794721,33.9251479545588],[-96.7274345795988,33.9250709545837],[-96.7276255794611,33.9250539546871],[-96.72797457946,33.9251089545195],[-96.728185579353,33.9251309546291],[-96.7283835795403,33.9251199541106],[-96.7286535794667,33.925075954759],[-96.7290035795054,33.9250319545042],[-96.7296225794223,33.9249159545008],[-96.7298205796064,33.9248559544116],[-96.7301435801961,33.9248769544697],[-96.7305525802792,33.9249319542994],[-96.731198580566,33.9250749545952],[-96.7314685805008,33.9251569547821],[-96.7322005802864,33.9254149541033],[-96.7326025809505,33.9255629546419],[-96.7327545808089,33.9256349543711],[-96.7328665806052,33.9256179544782],[-96.7330835807688,33.9255249546589],[-96.7332225809193,33.9255299539847],[-96.7333735807299,33.9255799544941],[-96.733466580551,33.9256619546891],[-96.7334855805383,33.9257449540345],[-96.73347958117,33.9259039542019],[-96.7334995812024,33.9259699545588],[-96.7336905810724,33.9260689546372],[-96.7337625808213,33.9261839545624],[-96.7336775804922,33.926408954192],[-96.7335985813328,33.926518954792],[-96.7334595811867,33.9265799549248],[-96.7334005811533,33.9266459543861],[-96.7335395813067,33.9266949548497],[-96.7336315810805,33.9267609543039],[-96.73361158106,33.9268759542335],[-96.7336845808499,33.9269089548587],[-96.7337635809115,33.9268429544972],[-96.7337305811734,33.9267449544579],[-96.7337305811661,33.9266349547608],[-96.7336975805275,33.9265189547874],[-96.7337965806176,33.9264589547029],[-96.7338755806791,33.9263929543414],[-96.7338555806448,33.9262989544867],[-96.7338815809434,33.9261839545569],[-96.7338485811819,33.9257329543615],[-96.7340135807274,33.9255579543452],[-96.7343035806801,33.9254859545956],[-96.734494581445,33.925518954316],[-96.7347055813412,33.9255899539963],[-96.7348835815001,33.9255739541466],[-96.7355625814951,33.9253649543311],[-96.7358915814626,33.9253699545474],[-96.7361425814124,33.9254029542651],[-96.7364255819482,33.9254579541005],[-96.736623581234,33.9254139538529],[-96.7369135820837,33.9253089543739],[-96.7370715813119,33.9252429540088],[-96.7370185815471,33.9251659540434],[-96.7366895815752,33.9250949543686],[-96.7365175816877,33.9250069538993],[-96.7364845819455,33.9248479537338],[-96.7364715813321,33.9246879544202],[-96.7365305813634,33.9245889543304],[-96.7366625811872,33.9245619539735],[-96.7368405813515,33.9246279543232],[-96.7370055818167,33.9247599541319],[-96.7371375816531,33.9249239536252],[-96.7372885814637,33.9249739541345],[-96.7376185814747,33.9249349541123],[-96.7380275815568,33.9249739541004],[-96.7382775823606,33.9250229536596],[-96.7386205820922,33.9252429539373],[-96.7389235817589,33.9253299543541],[-96.7390755825163,33.9253959538057],[-96.7390295821987,33.9256489538305],[-96.7389175824067,33.9257319540813],[-96.7388185823134,33.9257429536959],[-96.7388125820461,33.9259069540947],[-96.7389115821576,33.9261709546222],[-96.7388845818116,33.9262699538112],[-96.7388055826508,33.926357954292],[-96.7387595823223,33.9264459538719],[-96.7387795823525,33.9264789544996],[-96.738832582114,33.9265059539486],[-96.7388845818265,33.9264949543362],[-96.7389835819176,33.9264509540931],[-96.7390435820033,33.9264729542096],[-96.7390765826375,33.9265229538251],[-96.7390895823449,33.9265829539045],[-96.7392015821479,33.926665954145],[-96.7391685824284,33.926846954433],[-96.7393005822561,33.9268799541561],[-96.7393865826507,33.9269399542322],[-96.7393075825942,33.9270829545615],[-96.7393735820599,33.9271219545655],[-96.7394715821061,33.9270999544417],[-96.7395385825157,33.9271109540486],[-96.7397225829614,33.9272259539687],[-96.7397555826901,33.9271819546279],[-96.739755582686,33.9271209545016],[-96.7396035828259,33.9270229544678],[-96.7395975825392,33.9268959539839],[-96.7396165825133,33.9267809540544],[-96.7395835827799,33.9267529545582],[-96.7394915821086,33.9267149546017],[-96.7393865826339,33.9266879542558],[-96.7392345827565,33.9263299538752],[-96.7390565825853,33.9261599541062],[-96.7390495822541,33.9260609540195],[-96.7390755825557,33.9259899543282],[-96.739227582402,33.9258799537248],[-96.7392735827316,33.9258079539864],[-96.7392665824008,33.9257149541774],[-96.7393265824829,33.9256819544454],[-96.7393855825215,33.9256929540526],[-96.7395305820625,33.9258739543324],[-96.739596582425,33.9258739543293],[-96.7395895820967,33.9258189544811],[-96.7395175823514,33.9257589544044],[-96.739444582556,33.9256429544329],[-96.7394445825498,33.9255499537242],[-96.7393915818777,33.9253519544518],[-96.7394245825031,33.925269954251],[-96.739510581991,33.9252199537306],[-96.7396425827159,33.9252199537246],[-96.7397675822188,33.9252479541159],[-96.7399325826799,33.9253189537983],[-96.74005758219,33.9254559538404],[-96.7401035825335,33.9255939539324],[-96.7402355823601,33.9256099537678],[-96.7402685829961,33.9256869537341],[-96.7403015827368,33.9258239537805],[-96.740361582828,33.9259289541426],[-96.7404275822929,33.9259559544903],[-96.7405855824273,33.9259949544901],[-96.7407045825497,33.9259999538167],[-96.7407235825304,33.9259839539744],[-96.7406845825166,33.9259229538498],[-96.7406115827266,33.9258899541239],[-96.7405125826316,33.925873954287],[-96.7404205828578,33.9258079539335],[-96.7404005828253,33.9257419544758],[-96.7403875822149,33.9256269536486],[-96.7404075822378,33.9255499536798],[-96.7402355823506,33.9254669543415],[-96.7400645825033,33.9252859540629],[-96.739873582634,33.9251979535946],[-96.7398995820359,33.9251209536256],[-96.7399785820996,33.9250879538927],[-96.7400705827644,33.9250279538084],[-96.7400375821301,33.9249779541929],[-96.7399785820923,33.9249779541956],[-96.739741582799,33.9250549541744],[-96.7396095820683,33.9249669537034],[-96.7394575822103,33.9249019542982],[-96.7393655824303,33.9247419540889],[-96.7391215818988,33.9246049540524],[-96.7390025817745,33.9245719543285],[-96.7388505819198,33.9245559535948],[-96.7387915818765,33.9244729542512],[-96.7387985821839,33.9242149539966],[-96.7388965822272,33.9241489536343],[-96.7390155823485,33.9241379540188],[-96.739186582186,33.9241709537402],[-96.7393785821005,33.9242419534214],[-96.7397605827336,33.9243459537223],[-96.7399585820234,33.924362953601],[-96.7401295827573,33.9243519539831],[-96.7401495827788,33.924252953895],[-96.7401955822076,33.9241589540373],[-96.7402745822681,33.9240769538344],[-96.7402345822046,33.9239669541392],[-96.7401625824535,33.9238189535853],[-96.7400175820178,33.9237089538949],[-96.7399185819201,33.923653954051],[-96.7397605826852,33.9236159540975],[-96.739364582307,33.9235829534872],[-96.7392065821751,33.9235829534945],[-96.7390875820563,33.92363195397],[-96.7389695819861,33.9237149533218],[-96.7388445824989,33.923923954011],[-96.7387645823918,33.9240009539825],[-96.7387125817802,33.9240169538264],[-96.7386335817099,33.9239509534722],[-96.7385935816494,33.9238849540155],[-96.7386595820057,33.9237919542032],[-96.7387385820578,33.9235829535161],[-96.7388835824727,33.923379954003],[-96.7389555822096,33.9233139536418],[-96.7391135823363,33.9232369536667],[-96.7392325824573,33.9232199537734],[-96.7394235823233,33.9232589537717],[-96.7399385819399,33.9235279536122],[-96.7400765820436,33.9235279536058],[-96.7402475827848,33.9236259536387],[-96.7405905825121,33.9237799535585],[-96.7406835823301,33.9238129532835],[-96.7407815823777,33.9238129532789],[-96.7409005824936,33.9237199534641],[-96.7409995825814,33.923625953604],[-96.7411375826834,33.9235989532469],[-96.7412305824969,33.9235659535133],[-96.7411775827318,33.9234829532701],[-96.7410385825806,33.9234669534351],[-96.7409335822047,33.9234119535914],[-96.7408735821157,33.9233399538578],[-96.7407885826622,33.9232089531924],[-96.7406955828409,33.9231259538504],[-96.7406765828658,33.9232249539383],[-96.7407155828847,33.9233619539844],[-96.7408015823853,33.9235049534067],[-96.7407945829648,33.9235769540427],[-96.7407485826359,33.9236589533448],[-96.7406965829234,33.9236699538566],[-96.7406105825321,33.9236589533512],[-96.7404385826453,33.9235819533913],[-96.7401885827386,33.9234999541029],[-96.7401155820494,33.9234669534777],[-96.7399845822633,33.9233629540644],[-96.739766582045,33.9233299534459],[-96.7397735823685,33.9233129535578],[-96.7396745822679,33.9232139534752],[-96.7394495826189,33.9230989535571],[-96.7392725825029,33.9230609536045],[-96.7391205817499,33.9230609536115],[-96.7389625816199,33.9230879539695],[-96.7387715817649,33.9232149535632],[-96.7386065822173,33.9233579538965],[-96.7386105824063,33.9234119536985],[-96.7386195819317,33.9235229534415],[-96.7385535815761,33.9236269537631],[-96.7384615818115,33.9236989535037],[-96.7384025817823,33.9238299541758],[-96.7383825817627,33.9239569537616],[-96.7384485821434,33.9242319539006],[-96.7384555815737,33.9243079538218],[-96.738415582418,33.9243249537114],[-96.7383365823524,33.9243299539465],[-96.7382835816927,33.924318954339],[-96.7382045816243,33.9242809534826],[-96.7381655816109,33.9242259536358],[-96.7381455815759,33.9241219542175],[-96.7381515818464,33.9240059542423],[-96.7382045816017,33.923939953882],[-96.7382635816329,33.9238409537922],[-96.7382905819809,33.923769954101],[-96.7382765822281,33.923725953863],[-96.7382245816148,33.9237149533561],[-96.7381915818836,33.9237209536354],[-96.7380525817448,33.923890953419],[-96.7380265814546,33.9241329538329],[-96.7380795821266,33.9243309540047],[-96.7381385821699,33.9244129542013],[-96.738231581989,33.9244619537677],[-96.7385015819238,33.9245449540009],[-96.7385745817214,33.9246929536554],[-96.7386735818197,33.9247589540086],[-96.7389165823005,33.9248299536874],[-96.7389965824179,33.9249069536516],[-96.7390295821538,33.9249729540079],[-96.7389505820901,33.9250059537408],[-96.7388185822634,33.9249899539054],[-96.7372955817339,33.9241549539859],[-96.7371835819298,33.924055953904],[-96.737103581811,33.9239569538206],[-96.7370175813935,33.9235509539125],[-96.736965581674,33.9234569540593],[-96.7368725818528,33.9233749538643],[-96.7367735817511,33.9232599539402],[-96.7364705811818,33.9231219538601],[-96.736411581145,33.9231389537506],[-96.7363325810824,33.9231879542243],[-96.7360755817734,33.9234519538689],[-96.7358645809847,33.9234849536078],[-96.7355615813136,33.9233309536861],[-96.735396580828,33.9228919540524],[-96.7352245809365,33.9227439535032],[-96.7350785813551,33.9226549538859],[-96.7350335810654,33.9226279535371],[-96.7349605812711,33.9225289534534],[-96.7350985813261,33.9217929535444],[-96.7353495812624,33.9216229537557],[-96.7355665814259,33.9215289538901],[-96.7359025808059,33.9213419533104],[-96.7359225808212,33.921149953413],[-96.7358895810765,33.9209519532404],[-96.7359685811373,33.9208749532689],[-96.7359555814262,33.9207599533409],[-96.7358235806907,33.9205999531336],[-96.7359225807815,33.9205509535582],[-96.7360805809093,33.9204899534246],[-96.7361525815467,33.9204409529512],[-96.7360805809049,33.9204239530668],[-96.7360015808423,33.9204739535867],[-96.7358825807198,33.9204679533145],[-96.7357905809526,33.920500953048],[-96.7357635815055,33.9205949529048],[-96.735632580827,33.9205949529109],[-96.7355925807653,33.9205119535664],[-96.7355205810219,33.9204799529874],[-96.7354935806757,33.9205779530295],[-96.7355135807078,33.9206389531549],[-96.7356655814728,33.9208199534343],[-96.735678581184,33.9209359534086],[-96.7355795811005,33.9210949535803],[-96.7354545807126,33.921281953251],[-96.7353425809195,33.921347953614],[-96.7351845807895,33.9213749530728],[-96.7351645807647,33.92142495359],[-96.7351845807982,33.9215069537884],[-96.7351055807353,33.9215509531313],[-96.7350655806813,33.9215839537617],[-96.7348875805232,33.9216119532677],[-96.7347295812968,33.9217049539836],[-96.7346835809775,33.9219309536577],[-96.734644580971,33.9219799532302],[-96.7345325811764,33.922023953474],[-96.7344135810499,33.9219579540209],[-96.7343405803585,33.9218919536664],[-96.734156580796,33.9215349533336],[-96.7341235810568,33.9214199534065],[-96.7340435809434,33.9214029535225],[-96.7339255808673,33.9213979532964],[-96.7338925802353,33.9213809534101],[-96.7338725802011,33.9212879536018],[-96.7338325810409,33.9212379530872],[-96.7336815803289,33.9211559537942],[-96.7336085805398,33.9211339536783],[-96.7334705804349,33.9211179538432],[-96.7333385806104,33.9211339536907],[-96.7331405804253,33.9211779539385],[-96.7329295805324,33.9211559538289],[-96.7327845800814,33.920815953382],[-96.7326855799841,33.9207659537695],[-96.7325545802068,33.9207939532734],[-96.7324155800606,33.9208539533598],[-96.7322045801732,33.9209149534959],[-96.7320855800478,33.9208649538843],[-96.73179558009,33.9208599536662],[-96.7315785799287,33.9209859532147],[-96.7313415797444,33.9211899536777],[-96.7312025796048,33.9213489538513],[-96.7310055794716,33.9214759534452],[-96.730873579649,33.9215199536899],[-96.7304585802125,33.9218499536996],[-96.7302805800547,33.921882953437],[-96.7300895792927,33.9218939539552],[-96.729957579466,33.9218769540735],[-96.7295155796339,33.9215589537596],[-96.7290085794838,33.9212129539509],[-96.7287965795328,33.9210149537865],[-96.7286655788415,33.9208229538961],[-96.7285465795906,33.9203989540554],[-96.7284935789146,33.9201409538036],[-96.7284995791713,33.9198169531913],[-96.7286245795472,33.9194489532342],[-96.728631578968,33.9193829537753],[-96.7285125788448,33.9193659529937],[-96.7284135787519,33.9193829537853],[-96.7282555795384,33.9196689535446],[-96.7281575795003,33.9198119538748],[-96.7280125790824,33.9199709531493],[-96.7277745788517,33.920173953566],[-96.7272875787724,33.9204709538498],[-96.7269515784919,33.9206419536887],[-96.7268525784023,33.9207079540511],[-96.7268125792528,33.9208179537501],[-96.7267935783783,33.9209169538381],[-96.7268455790069,33.9211579542021],[-96.726681578607,33.9213119541453],[-96.7266085788216,33.921344953878],[-96.72647057872,33.9213779536136],[-96.726287578327,33.9213599536879],[-96.7262395787989,33.921355953505],[-96.726008578879,33.9213509541834],[-96.7254815787264,33.9213899542148],[-96.7253295788706,33.9213569535932],[-96.7252175781701,33.9213019537498],[-96.7250665783551,33.9211859537819],[-96.724954578546,33.9210109537785],[-96.7249405778808,33.9207689542657],[-96.7249475781944,33.9206039538204],[-96.7250725785666,33.9201809540148],[-96.7252175780713,33.9198129540567],[-96.7253025783899,33.9194279533143],[-96.725335578097,33.9190599533615],[-96.7253425784001,33.9187349536021],[-96.7252565779924,33.9184769533518],[-96.7249595785751,33.9179549534785],[-96.7248275778382,33.9177739531982],[-96.7247945780983,33.9176479536611],[-96.7248015784068,33.917405953248],[-96.7249065778564,33.9170539531333],[-96.7249985784836,33.9164279529235],[-96.7249715781017,33.915987953237],[-96.7248075776723,33.9156969532611],[-96.7246755778275,33.9154059532836],[-96.7244835778739,33.914745952412],[-96.7243585774489,33.9143729531342],[-96.7242525778975,33.9138889523135],[-96.7242065775388,33.9135209523643],[-96.7242125777954,33.9131969526513],[-96.7241275774364,33.9129719521302],[-96.7238825776959,33.9118999519703],[-96.723710577718,33.9104489522459],[-96.7237435774083,33.9098279522702],[-96.7237365770612,33.9094879518169],[-96.7237625773431,33.9091199518644],[-96.7238875768196,33.908750951861],[-96.7240325772225,33.9083669511622],[-96.7241975776589,33.9080639515147],[-96.7242965776998,33.9072619512496],[-96.7243355776997,33.9071139515899],[-96.7243815771296,33.90703695162],[-96.72463257707,33.906926951012],[-96.7247905772011,33.9069159513948],[-96.7250935777701,33.9070479511972],[-96.7251655775202,33.9071799510102],[-96.7252455776368,33.9072449513181],[-96.7253175773803,33.907277951044],[-96.7254165774758,33.9072999511588],[-96.7255155775676,33.9072669514249],[-96.7255355775935,33.9072339516947],[-96.7254365774951,33.9071679513415],[-96.725363577703,33.907101950987],[-96.7253435776684,33.9070039509471],[-96.7254825778145,33.9069429517137],[-96.7253895770972,33.9069099510894],[-96.7252315778582,33.9068109510095],[-96.7250995771289,33.9067449515571],[-96.7250675774368,33.9066399511936],[-96.7250585770175,33.90661095165],[-96.7250475774048,33.9065809511608],[-96.7250365777914,33.9065409511079],[-96.7249945776335,33.9064049511083],[-96.7249745776032,33.90637195138],[-96.7248035777664,33.9063499512686],[-96.7245325768859,33.9062669510354],[-96.7244015771002,33.9061689510007],[-96.724288577241,33.9059379511023],[-96.7241375774348,33.9059539509508],[-96.7240055767084,33.9059319508376],[-96.7238735768752,33.9058169509151],[-96.7237155767434,33.9058169509224],[-96.723484576818,33.9057289513552],[-96.72331957725,33.9055639509178],[-96.7231485765015,33.9053559511879],[-96.7230295763878,33.9054819507319],[-96.7228915771906,33.9055919513347],[-96.7226545769979,33.9056689513134],[-96.7222655769524,33.9057569509092],[-96.7209605767227,33.906185951047],[-96.7204605760285,33.9063019510449],[-96.7203215758784,33.9063019510513],[-96.7202095760787,33.9062689513272],[-96.7200715759694,33.9061859510879],[-96.7198865763751,33.9060489510486],[-96.7197745756699,33.9059229515152],[-96.7196825758863,33.9057079514574],[-96.7196685761247,33.9055319514031],[-96.7196295761106,33.9054659510471],[-96.7194975762763,33.9053349512831],[-96.7193655755481,33.9052849516721],[-96.7192535757441,33.9051859515901],[-96.7191745756705,33.9050709516652],[-96.7191215759099,33.9050549509268],[-96.7190825758978,33.9050209511531],[-96.7187135758719,33.9049829512093],[-96.7186015760722,33.9049499514852],[-96.7181795753765,33.9047469510989],[-96.7181685757652,33.904737951582],[-96.7179355757393,33.9045329510945],[-96.7178235750293,33.9043349509254],[-96.7177115752213,33.9041759507634],[-96.7175265756208,33.9039449508684],[-96.717488575655,33.9039099510483],[-96.7171115752379,33.9035659513262],[-96.7169005753367,33.9034179507787],[-96.7167295754948,33.9033189506995],[-96.7164855749654,33.9032139512451],[-96.7161755749745,33.9031319510601],[-96.7155825744452,33.9029559510324],[-96.7153915745774,33.9028899506834],[-96.715239574715,33.902757950874],[-96.7151865749448,33.9025989507093],[-96.7151075748756,33.9025499511422],[-96.7148765749512,33.9024779505172],[-96.7147645742501,33.9024119510638],[-96.7147495744522,33.9023869508063],[-96.7147255742359,33.9023459507077],[-96.7146925744971,33.9022369510584],[-96.7146005747178,33.9020879504592],[-96.7142045743211,33.901774951274],[-96.7142445743645,33.9015829504764],[-96.7142145738709,33.90155495098],[-96.7141915746016,33.9015329508618],[-96.7141115744909,33.9015579511236],[-96.7140525744543,33.9015769511067],[-96.7139345743797,33.9015939509999],[-96.7137745741527,33.9015569510929],[-96.7137625744955,33.9015549510008],[-96.7136685737314,33.9015159509981],[-96.7132295740475,33.9013359507781],[-96.7129065743486,33.9011869510889],[-96.7124055735881,33.901000950594],[-96.712102573917,33.9008469506723],[-96.7120035738187,33.9007839504579],[-96.7118715739876,33.900698951025],[-96.7116475734856,33.9005829510604],[-96.7113375734942,33.9004949505976],[-96.7112255736968,33.9004949506028],[-96.7109355737313,33.9003739504097],[-96.7106915731991,33.9002259507631],[-96.7105405733831,33.9000939509537],[-96.7103885735185,33.8999289505157],[-96.7097035732082,33.8995779504836],[-96.7095915734074,33.8995279508717],[-96.7094135732442,33.8994789504099],[-96.7092815725127,33.8993799503288],[-96.709241573357,33.8993969502185],[-96.7090115725852,33.8994079507384],[-96.7087415726554,33.899401950473],[-96.7084505726491,33.8993639505256],[-96.7081805727161,33.8993089506895],[-96.7080165722995,33.89920995061],[-96.707884572463,33.8990449510704],[-96.7077525726226,33.8988199505514],[-96.7076795728228,33.8986389502683],[-96.7076465721835,33.8985119506849],[-96.7075545724054,33.8983799508728],[-96.7074965724094,33.898311950425],[-96.7074425725991,33.8982479501623],[-96.7073635725227,33.8980889508981],[-96.7073695718896,33.8979079506113],[-96.7074095719395,33.8978139507539],[-96.7073765721993,33.897682950086],[-96.7071325725631,33.897484949923],[-96.7067895719347,33.8973029505053],[-96.7066385721198,33.8971879505837],[-96.7064865722563,33.8970399500335],[-96.7064685723188,33.8970079503514],[-96.7060605722825,33.8969589499001],[-96.7012905705327,33.896959950166],[-96.6857485666112,33.8969639510667],[-96.6811325657069,33.8969659513718],[-96.6808505652211,33.8969659513847],[-96.6805685656346,33.8969659513977]]]},"properties":{"PRECINCT":"4","PRECINCT_N":"Precinct 4","DIST_NAME":"Precinct 4"}},{"type":"Feature","geometry":{"type":"Polygon","coordinates":[[[-96.7175665867568,34.0700059817496],[-96.717560586326,34.0677339817779],[-96.7175535858801,34.0659279808987],[-96.7175485864342,34.06423898094],[-96.7175495855713,34.0640919804291],[-96.7175505856078,34.0639449808176],[-96.7175485863033,34.0622889805879],[-96.7175485863013,34.0622599801446],[-96.7175445860782,34.0617009803436],[-96.7175225854201,34.0536949783918],[-96.7175115846366,34.0496179775869],[-96.7176945850307,34.0496519782532],[-96.7181815851344,34.049720977828],[-96.7185315851782,34.0497519783478],[-96.7192625858025,34.0497939775604],[-96.7193155855625,34.0497979777431],[-96.724544587028,34.0500259781638],[-96.7263055868525,34.0501039780961],[-96.7263245877034,34.0496559780374],[-96.7263455868254,34.0488629772937],[-96.7263485869192,34.0481869774713],[-96.7263515870311,34.0477819776056],[-96.7263535870928,34.0473189768531],[-96.7263435874764,34.0465439769442],[-96.7263385872303,34.0463309769752],[-96.7262925868502,34.0456489768772],[-96.7262505866797,34.0453269763598],[-96.7262115866366,34.0448299767331],[-96.7261985869103,34.0444899762803],[-96.7262095864878,34.0439929766512],[-96.7262125865767,34.0432439761469],[-96.7262305864583,34.0424439759785],[-96.7262425869811,34.0419419761178],[-96.7262435869771,34.041189976374],[-96.726258586729,34.0405279762999],[-96.726263586939,34.0402019755951],[-96.7262705863321,34.039721975854],[-96.7262715863214,34.0388709760231],[-96.7262685861726,34.038725975605],[-96.7262665860697,34.0385749758084],[-96.7262595866118,34.0380889757901],[-96.7262555861421,34.0338459744936],[-96.7262545860604,34.0333189743754],[-96.7262545859818,34.0321449739789],[-96.7262545859644,34.0318849745315],[-96.7262465864681,34.031517974627],[-96.7262425862709,34.0313429746186],[-96.7262455863886,34.0310229741917],[-96.7262555859001,34.0302329735873],[-96.72627058565,34.0295409739228],[-96.7262765859137,34.0293239737681],[-96.7262885855522,34.029046973533],[-96.7262595859471,34.0281649740668],[-96.7262625860806,34.0280819738211],[-96.7263485855666,34.028003973803],[-96.7264975861757,34.0279319731604],[-96.7263965859759,34.0277379731762],[-96.7263215860849,34.0275799739582],[-96.7262815860205,34.0274569736611],[-96.7262765857874,34.027437973681],[-96.7262265861536,34.0272409735555],[-96.7262255860996,34.027125973627],[-96.7262405858882,34.0270129737904],[-96.7262995859165,34.0268689734158],[-96.7263795860212,34.0267559735761],[-96.7264115857035,34.0267129733823],[-96.7265015853726,34.026598973496],[-96.7264095855669,34.0260569735868],[-96.7263215859439,34.0254739735778],[-96.7262685852471,34.0249089726019],[-96.7262275850935,34.02414597325],[-96.7262245857447,34.0225169724716],[-96.7262345852392,34.0214729726976],[-96.7262355851772,34.0198539723819],[-96.7262355850828,34.0184419717579],[-96.726239584985,34.0142079708773],[-96.7262415849834,34.0127969711987],[-96.7262425850045,34.0124189707845],[-96.7262435850361,34.0121979704447],[-96.7262385847433,34.011286970534],[-96.7262375846717,34.0109099701661],[-96.7262365846118,34.0107069706598],[-96.726233584432,34.0100989703887],[-96.7262325843722,34.0098969700294],[-96.7241995836261,34.0098149699243],[-96.7201575832469,34.0096519706588],[-96.7187435824271,34.0095939707369],[-96.718714582838,34.0089509706451],[-96.718669582482,34.0079329702787],[-96.7176555822244,34.0078839698557],[-96.7167295824529,34.0078789705664],[-96.7167545817936,34.007581970304],[-96.7167495824249,34.0070399703908],[-96.7167475823204,34.006863970336],[-96.7167465822667,34.0067549697859],[-96.7167315814574,34.0050519700783],[-96.7167305814012,34.0049049695676],[-96.7155015819683,34.0048929699683],[-96.7154995819213,34.0055779702075],[-96.7142915816635,34.0055639696153],[-96.714294580782,34.0037499692641],[-96.7110305805146,34.003719969825],[-96.7110475802881,34.0019919698578],[-96.710164579813,34.001992969945],[-96.7089875800943,34.0019939700458],[-96.6994665774757,34.0020079702358],[-96.6967795769857,34.0020049702214],[-96.6929795752489,34.0020169700537],[-96.6915365748869,34.0020189702132],[-96.6915415751028,34.0017799699391],[-96.6916055751546,33.998514969853],[-96.6916105753701,33.9982719693937],[-96.6916895754361,33.9982719693901],[-96.6917345748247,33.9982709693417],[-96.691760575131,33.9982709693405],[-96.6919765752544,33.9982709693304],[-96.6920485749958,33.9982709693271],[-96.6920595755059,33.9982709693266],[-96.6920925752374,33.9982709693251],[-96.6921035748481,33.9982709693246],[-96.6924135748337,33.9982709693102],[-96.6926365752817,33.9982709692999],[-96.6929125754893,33.9982719693334],[-96.6930475754541,33.9982729693735],[-96.693643575212,33.9982779695773],[-96.6940205756066,33.9982809696988],[-96.6953715761999,33.9982909691999],[-96.6958825765126,33.9982899691299],[-96.6968275762654,33.9982889690399],[-96.6976045763219,33.9982879698569],[-96.6982675764882,33.9982869697799],[-96.6995175768942,33.998286969722],[-96.7003175771179,33.9982859696387],[-96.7004265776756,33.9982859696336],[-96.7021105775214,33.9982819693704],[-96.7032035778421,33.9982869695513],[-96.7047725786506,33.998284969386],[-96.7051075779968,33.9982849693705],[-96.7057075788393,33.9982869694353],[-96.7064885790815,33.9982889685924],[-96.7067385789829,33.9982899686271],[-96.7074645793728,33.9982939687786],[-96.7076365792546,33.9982939687707],[-96.7077605787092,33.9982939687649],[-96.7079125794621,33.9982939687579],[-96.7082535790867,33.9982959688347],[-96.7089725791511,33.9982859692377],[-96.7090095790681,33.998285969236],[-96.7090565794489,33.9982869692801],[-96.7096005794927,33.9982799689308],[-96.7101165800369,33.9982749686754],[-96.7101815794533,33.9982699684409],[-96.7103625797515,33.99825696873],[-96.7105875793906,33.998222968944],[-96.7109905800867,33.9981539684286],[-96.7113315797056,33.9980719691128],[-96.7115925801126,33.9980059687429],[-96.7120205801639,33.9978579690652],[-96.712141580376,33.99781696896],[-96.7128905800185,33.997590968354],[-96.7129335802131,33.9975819688347],[-96.7133115806483,33.9974979685253],[-96.7134415803791,33.9974689689752],[-96.713791580417,33.9974109689716],[-96.714011580724,33.9973839686106],[-96.7141285807527,33.9973749681885],[-96.7142685809487,33.9973659686647],[-96.7145125805711,33.9973569682366],[-96.714851581002,33.9973559681746],[-96.7148305809223,33.9972769681152],[-96.714743580479,33.997180968171],[-96.714697581039,33.997105968298],[-96.7150175805934,33.9971739687336],[-96.7154825805792,33.9972859685017],[-96.7155605806013,33.9973249685051],[-96.7155915811434,33.9973829684911],[-96.7159615812161,33.9974279687588],[-96.7166215812517,33.9975539682668],[-96.7173275816243,33.9977179686327],[-96.7177815819989,33.9978239681235],[-96.7179375820405,33.9978609680307],[-96.7184505815547,33.9979829682596],[-96.7185085815469,33.9979939687662],[-96.7185525817892,33.9980029682816],[-96.7186405822735,33.9980189681189],[-96.7188385815656,33.9980689686261],[-96.7197915826034,33.9982899680224],[-96.7200405824623,33.9983479679983],[-96.7204285824735,33.9984399686426],[-96.7207905821777,33.9985219688251],[-96.7210415821292,33.9985789687546],[-96.7211185820884,33.9983689680213],[-96.7211325827346,33.9983249686814],[-96.721184582437,33.998162968373],[-96.7213415824903,33.9976789684397],[-96.7213945822391,33.9975179681775],[-96.7214185824476,33.9974419682549],[-96.7214945823593,33.9972149685332],[-96.7215205826606,33.9971399677574],[-96.7215315822691,33.9971059679814],[-96.7215645828933,33.9970069678928],[-96.7215765825482,33.996973968163],[-96.721761582995,33.9964089680753],[-96.7224435831544,33.9965779677745],[-96.7229805828824,33.9967049682338],[-96.7230475832773,33.9964959675472],[-96.7232505827563,33.9958729674713],[-96.7233185831976,33.9956649677303],[-96.7233795833156,33.9954769680164],[-96.7235415827025,33.9950109680168],[-96.7235665829569,33.99492796777],[-96.7236245829361,33.9947429672958],[-96.7238795830692,33.9947439673303],[-96.7246465835616,33.9947469674336],[-96.7249025828418,33.9947479674681],[-96.7251595830678,33.9947479674562],[-96.7255155833878,33.994748967486],[-96.7259305837457,33.994752967652],[-96.7261875839718,33.994755967779],[-96.7261795836044,33.9948089675353],[-96.7261575834942,33.9949679677034],[-96.7261505831732,33.995021967506],[-96.7261785835812,33.9951559674136],[-96.7261955834781,33.9952749675265],[-96.7262265840306,33.995489967587],[-96.726244584003,33.9960439680553],[-96.7262535835382,33.9963019674097],[-96.7262565836836,33.9963969682108],[-96.7262545835999,33.9965309681198],[-96.7262465841741,33.9972179675526],[-96.7262445840967,33.9974479683091],[-96.7267165835079,33.9975619681695],[-96.7281355845785,33.9979049677968],[-96.7283665845018,33.9979609676809],[-96.7284215843551,33.9979739682803],[-96.7284375841979,33.9979779675653],[-96.728608584036,33.9980189676571],[-96.7286715842604,33.9980339683487],[-96.7288605840341,33.9980799677718],[-96.7289235842586,33.9980959676103],[-96.7291635845993,33.9981539675866],[-96.7293585846514,33.9982009679551],[-96.7295445842854,33.9982379678609],[-96.7298855848112,33.9982689683811],[-96.7301435850839,33.9982759677939],[-96.7304695849125,33.9982839681491],[-96.730841585075,33.9982839681319],[-96.731316585517,33.9982839681099],[-96.7327515855074,33.998275967673],[-96.7328845853797,33.9982809678983],[-96.7329365850937,33.9982919675059],[-96.7329595852612,33.9982969677363],[-96.7330195853477,33.9983299674629],[-96.7330675857777,33.9983739676991],[-96.733097585375,33.9984469674804],[-96.7331015855713,33.9986089677862],[-96.7331195855202,33.998811968191],[-96.7331605856287,33.9989009678132],[-96.7334215860343,33.9988149683159],[-96.7337575854205,33.9987209675454],[-96.7338095860321,33.9987059677478],[-96.7341765859563,33.9986089677364],[-96.7343575862524,33.9985659675357],[-96.7344705860946,33.9985399681253],[-96.7347215860389,33.9984899675973],[-96.7349115858535,33.9984529676741],[-96.7349515859091,33.9984459673482],[-96.7353525865132,33.9983889673884],[-96.7358105861633,33.9983359676112],[-96.7364895861706,33.9983119673679],[-96.7403325872035,33.9983099670972],[-96.7421425874959,33.9983099670133],[-96.7426275884016,33.9983089669446],[-96.7436705882019,33.9983089668962],[-96.7440825884205,33.9983079677302],[-96.7445675884268,33.9983079677077],[-96.7478725896935,33.9983049674156],[-96.7489925894671,33.9983049673637],[-96.7495145893904,33.9983049673395],[-96.7498715897566,33.998304967323],[-96.7507465898596,33.9982879673947],[-96.7522135904354,33.9982939667051],[-96.7537195910199,33.9982839670716],[-96.756002591661,33.9982759665954],[-96.7571085916849,33.9982789666831],[-96.7577885917399,33.9982769665589],[-96.7585415924821,33.9982759664777],[-96.7598105919698,33.9982709661874],[-96.7607495923433,33.998266966858],[-96.7610945930518,33.9982579664253],[-96.7612305930625,33.9982539662338],[-96.7625675930062,33.9982599664496],[-96.7641785930638,33.9982549661434],[-96.7645865939961,33.9982519659856],[-96.7649055934995,33.9982509659245],[-96.7689935950995,33.9982309657084],[-96.7734755960828,33.9982029660028],[-96.7750665961134,33.998213965539],[-96.7771965968559,33.9982289661347],[-96.7785595971059,33.9982379655889],[-96.7794355972567,33.9982429657798],[-96.7806685977738,33.9982509651937],[-96.7820635977094,33.9982659658235],[-96.7821935983417,33.9982679659101],[-96.7829405979067,33.9982739652539],[-96.7833955983207,33.9982769653717],[-96.7847605986635,33.9982869657714],[-96.7852165991239,33.9982909650361],[-96.7873675990413,33.9983039655383],[-96.7926306011697,33.9983369650235],[-96.7937886009073,33.9983499646724],[-96.7938236007315,33.9983489646244],[-96.7950946012112,33.9983449652796],[-96.7959756015931,33.9983399650072],[-96.7959746015583,33.9985139649695],[-96.7959626019191,33.9987819647879],[-96.7959586017396,33.9988699652651],[-96.7959396017852,33.9992799653631],[-96.7959146015586,33.9997779650392],[-96.7959556017447,34.0010279653552],[-96.7959556017584,34.0012329658534],[-96.7959596021034,34.0036179656612],[-96.7959756020102,34.0045779660413],[-96.7959846024627,34.0051029660665],[-96.7959756023675,34.009917966867],[-96.7959706023294,34.0128139678513],[-96.7959716023872,34.012982967582],[-96.7959746025602,34.0134899676733],[-96.7959756026179,34.0136599674503],[-96.7959836030348,34.0143459677352],[-96.7959926025976,34.015013968086],[-96.7959896025517,34.0164069678302],[-96.7959896025818,34.0168569679806],[-96.7959906026442,34.017094968208],[-96.7959956030129,34.0191389684153],[-96.7960006033515,34.0207329693715],[-96.795995603182,34.0216639693092],[-96.7959906031361,34.024438970087],[-96.7959916032382,34.0252719699836],[-96.7959946035144,34.0273169702372],[-96.7959946035179,34.0273689699468],[-96.795994603521,34.0274149702779],[-96.7959946035769,34.0282499702672],[-96.7959946035789,34.0282799707569],[-96.7960086034658,34.0303239709636],[-96.7960036041901,34.0311709706094],[-96.7960006040902,34.0317559707151],[-96.7959986040228,34.0321349711756],[-96.795999604184,34.0338479713463],[-96.7960006042977,34.0348509719192],[-96.7960016044483,34.0364059719691],[-96.7960026045493,34.0372209719316],[-96.7960016046214,34.0389869727576],[-96.7960016046877,34.0399749726361],[-96.7960066040689,34.0406999729281],[-96.7960066040829,34.0409089727121],[-96.7960096042642,34.0415379730561],[-96.7960106043247,34.0417479728864],[-96.796010604326,34.0417669728667],[-96.7960106043298,34.0418239728078],[-96.7960106043311,34.0418429727882],[-96.7960086042801,34.0424649728083],[-96.7960066042881,34.0439669731023],[-96.7960086044054,34.0443329729608],[-96.7960126046327,34.0449559739262],[-96.7960166048743,34.0457919739615],[-96.7960236052862,34.0470929739422],[-96.7960206052281,34.0482999740678],[-96.7960206052574,34.0487359744693],[-96.796019605238,34.0491369741497],[-96.7960176051734,34.0495559746635],[-96.7960246046678,34.0505869747338],[-96.796025604898,34.0533239746509],[-96.7960316052666,34.0546699749164],[-96.7960256051014,34.0563519754506],[-96.7946826048799,34.0563499754206],[-96.7929956048955,34.0563549757305],[-96.7923716047394,34.0563599759911],[-96.7912976044021,34.0563759758826],[-96.790637604375,34.056374975867],[-96.7884856035125,34.0563729758745],[-96.7870136036053,34.0563819763597],[-96.7858976031181,34.0563839765042],[-96.7850826030976,34.0563729760329],[-96.7849976027538,34.0563789763146],[-96.7849256030123,34.0563759761791],[-96.7847936022875,34.0563769762315],[-96.7846276026841,34.0563789763318],[-96.7836806019397,34.0563819765148],[-96.7827836017143,34.0563749762325],[-96.7824776019144,34.0563769763393],[-96.7813486017242,34.0563849758629],[-96.7805756018533,34.0563859759452],[-96.7803686012479,34.0563849759085],[-96.7794806014401,34.0563819767102],[-96.7785546007699,34.0563829767996],[-96.7777566006382,34.0563719763275],[-96.7772526006504,34.0563749764898],[-96.7755926001197,34.0563869762233],[-96.7733475994414,34.0563839770882],[-96.7720465993688,34.0563829771024],[-96.7698495991173,34.0563779769731],[-96.7660625979828,34.0563709768252],[-96.7647375976973,34.0563809773498],[-96.7633705972618,34.0563739770893],[-96.763261596704,34.0563729770481],[-96.7610665965449,34.0563629775865],[-96.7610665965368,34.0562419773802],[-96.7610665965124,34.0558789767613],[-96.7610675965508,34.0557589775006],[-96.761067596523,34.0553449772183],[-96.7610695965619,34.0545439770045],[-96.761065596347,34.0541049764643],[-96.7610635962342,34.05380597701],[-96.7610625961801,34.0536919771278],[-96.7608855960662,34.0536869769045],[-96.7608535963811,34.053686976906],[-96.7608255959802,34.0536599765566],[-96.7607935962904,34.0535909769607],[-96.7606735961127,34.0534539769185],[-96.7605225962966,34.0533209770629],[-96.7604945958958,34.053295976806],[-96.7603855962317,34.0532099764267],[-96.7602145963871,34.0530729763868],[-96.7600905960287,34.0530049768415],[-96.7599885957923,34.0529569764225],[-96.759825596324,34.0528989764427],[-96.7596525963931,34.0528559762585],[-96.7594865958881,34.0528249766296],[-96.7594745962309,34.0528229765375],[-96.7593295958013,34.0528039765639],[-96.7589925954616,34.0527819764603],[-96.7587095958278,34.0527679767246],[-96.7581925952365,34.0527609764246],[-96.7571465952967,34.052755977141],[-96.7565125955752,34.0527469767538],[-96.7555205945415,34.0527339770973],[-96.7557115954386,34.0547349771037],[-96.7557165947742,34.0547799773883],[-96.7561455951122,34.0582119779876],[-96.7569365959792,34.0606139785457],[-96.7575655964959,34.062523978815],[-96.7575995962794,34.0626079782059],[-96.7576115959386,34.0626389787413],[-96.7576755962191,34.062799978998],[-96.7577205965172,34.0629499787462],[-96.7577335962236,34.0629929789378],[-96.7578385966189,34.0633369786722],[-96.7578725964471,34.0640849791284],[-96.7577105961918,34.0650089787492],[-96.7574155960513,34.0657339790552],[-96.7568925961405,34.0666109792147],[-96.7565905965802,34.0674189797665],[-96.7565065962975,34.0676429793496],[-96.7562505962733,34.0699529801934],[-96.7565215963038,34.0707689801896],[-96.7565315967693,34.0707949804936],[-96.7565545960413,34.0708569797658],[-96.7565615963671,34.0708749796996],[-96.7565715968326,34.0709019800499],[-96.755926596602,34.0709069803113],[-96.7544455962762,34.0708989800099],[-96.753605595996,34.0708949798638],[-96.7521535952173,34.0709029803018],[-96.7505535947695,34.0708969800985],[-96.7500125948634,34.0708819803285],[-96.7480675946066,34.0708889807431],[-96.7459425940972,34.0708969803131],[-96.7454815934051,34.0708979803809],[-96.7447585931549,34.0709019805997],[-96.7441015932664,34.0708969803988],[-96.7436425926669,34.0708949803276],[-96.7431365925859,34.0708919811116],[-96.7422985923985,34.0708879809654],[-96.7416185923433,34.0708899810896],[-96.7411125922627,34.0708929812521],[-96.7411015927157,34.0718409810777],[-96.7410675931291,34.0746869815467],[-96.7410575927292,34.0756359814186],[-96.7407235925329,34.0756779815801],[-96.7403935925249,34.075760981841],[-96.7403315923493,34.0757809818706],[-96.7400175921854,34.075886981397],[-96.7395225926313,34.0761349821105],[-96.7393375921545,34.0762499820476],[-96.7392185920442,34.0764259821079],[-96.7390935925477,34.0764919815723],[-96.7389675921043,34.0765409820482],[-96.7387825925213,34.076573981786],[-96.7386115917848,34.0765469823425],[-96.7384265921959,34.0764919816033],[-96.7383465920834,34.0764889823675],[-96.7382675920173,34.0764869822785],[-96.73806959183,34.0764979818977],[-96.7378975919446,34.0764429820572],[-96.7376205916866,34.0763829819901],[-96.7374955921812,34.0763169816381],[-96.7372175918735,34.0762069819541],[-96.7370655920191,34.0761959823512],[-96.7369075918876,34.076201981737],[-96.7366105916096,34.0762619818308],[-96.7363135913323,34.0763339824803],[-96.7361215914277,34.0764109824569],[-96.7359235912426,34.0764549818054],[-96.7356725912983,34.0765039822871],[-96.7352305914902,34.0765479825462],[-96.7350455910052,34.0765429823233],[-96.7348605914181,34.0765149819349],[-96.7345835911638,34.0765099817163],[-96.7344115912836,34.0765319818436],[-96.7342665908596,34.0765979822081],[-96.7340345908966,34.0766419824574],[-96.7339225911102,34.0768069820082],[-96.7335865908313,34.0769989819201],[-96.7333355908918,34.0771199821381],[-96.7331305912811,34.0771589821547],[-96.7329915911316,34.0771699826705],[-96.7327735909118,34.0771149819328],[-96.7325755907216,34.0770819822128],[-96.7323245907717,34.0770489824952],[-96.7321205903062,34.0770599821147],[-96.7318425909074,34.0770929827562],[-96.7314665905675,34.0772139820806],[-96.7312885904191,34.0773849828116],[-96.7311895903369,34.077560982871],[-96.7311105902742,34.0776099824454],[-96.7309055906617,34.0776209829643],[-96.7301465905456,34.0776979829674],[-96.7299085903036,34.0777309827077],[-96.7296315900504,34.0777429823769],[-96.7294195901081,34.0776769829282],[-96.7293135896832,34.0775829821783],[-96.7291625898726,34.0775339826146],[-96.7289705899643,34.0775559827429],[-96.7287265894429,34.0775719825957],[-96.7285675901641,34.0775729826494],[-96.7283365893403,34.0775009829239],[-96.7282775892992,34.0774519824565],[-96.7282305898089,34.0773199826424],[-96.7280785899463,34.0771879828332],[-96.7278675891481,34.0770779822467],[-96.7277025895788,34.0768969828674],[-96.7274715896518,34.0767869822818],[-96.7272265890686,34.0765729822777],[-96.7270885889589,34.0764849827063],[-96.7268565889855,34.0763749821208],[-96.7264075888439,34.076286982564],[-96.7259725893526,34.0762159828942],[-96.725707588752,34.0761609821588],[-96.7253845890597,34.0761119826031],[-96.72507358903,34.0761449823468],[-96.7246715883842,34.0762709828033],[-96.7246055889233,34.0763039825356],[-96.724037588681,34.0765349824654],[-96.7233905883654,34.0766559827018],[-96.7232915882743,34.076699982945],[-96.7229415882496,34.0769529829839],[-96.7227495883446,34.0770249827291],[-96.7225515881588,34.0770579824675],[-96.7222215881455,34.0770629827144],[-96.7220165876288,34.0770029826439],[-96.721904587824,34.0768929829521],[-96.7216665875676,34.0767119826769],[-96.7216075875224,34.0766019829826],[-96.7216135877927,34.0764859830075],[-96.7216735878667,34.0763329831155],[-96.7218245876622,34.0761569830537],[-96.7219835878301,34.0760029822113],[-96.7220885881871,34.0757769825346],[-96.7220225878088,34.0755409824029],[-96.7219635877532,34.0752769827731],[-96.7217655875538,34.0751069821059],[-96.7213685880162,34.0748929821088],[-96.7208005877507,34.0747779822067],[-96.7204175870688,34.0746399821305],[-96.7196055871828,34.0745639822468],[-96.7195585868021,34.0745649822953],[-96.7191035872885,34.0745799821116],[-96.7188005867286,34.0745859824035],[-96.7184435872587,34.0745419821816],[-96.7181855869805,34.0744539826159],[-96.7181195866121,34.0743659821418],[-96.7180535871401,34.0742339823286],[-96.7181625867826,34.0739969821424],[-96.7182045869245,34.0738939827676],[-96.7182685871836,34.0737349825976],[-96.718231587258,34.0736079821151],[-96.7182315872444,34.0734049826088],[-96.7181595865981,34.0733219823666],[-96.7177955867899,34.0730749826388],[-96.717445586735,34.0728769824809],[-96.7172475865313,34.0726459825869],[-96.7171555867531,34.0725149819218],[-96.7171425861374,34.0723219819798],[-96.717148586403,34.0721349823147],[-96.7172545868114,34.0719819824206],[-96.7175055867416,34.0717229821085],[-96.7177495863492,34.0714919821938],[-96.7179735868332,34.0713379822478],[-96.7181185863586,34.0712839815395],[-96.7182375864652,34.0710529816307],[-96.7182515862097,34.0709729815233],[-96.7182645868072,34.0708939814623],[-96.7182175864174,34.0707589815093],[-96.7181715869733,34.0706239815563],[-96.7179995861745,34.0703599819317],[-96.7177755865658,34.0701569815365],[-96.7175665867568,34.0700059817496]]]},"properties":{"PRECINCT":"5","PRECINCT_N":"Precinct 5","DIST_NAME":"Precinct 5"}},{"type":"Feature","geometry":{"type":"Polygon","coordinates":[[[-96.6916105753701,33.9982719693937],[-96.6914995747197,33.9982719693989],[-96.6909315744619,33.9982719694252],[-96.6907425746911,33.9982719694339],[-96.6893655746913,33.9982699694051],[-96.6889965746679,33.9982689702752],[-96.6886865746823,33.9982679702432],[-96.6884225741317,33.9982679702555],[-96.6882865741206,33.9982669702155],[-96.6879135739117,33.9982669702327],[-96.6873155740612,33.9982649701678],[-96.6872075735498,33.9982639701265],[-96.6850525734468,33.9982589699949],[-96.6846165730145,33.9982579699687],[-96.6839745729226,33.9982589700448],[-96.6836615727979,33.9982579700129],[-96.6748235703712,33.9982449707196],[-96.6748425703437,33.9981069706246],[-96.6748525708026,33.9980349708878],[-96.6748815703352,33.9978319704808],[-96.6749365710382,33.9971029700005],[-96.6747165706925,33.9965499704871],[-96.6743115707195,33.9953689697849],[-96.674258570051,33.995225970361],[-96.6742365699208,33.9950859701753],[-96.67421557073,33.9948509700876],[-96.6742235701358,33.9938629693089],[-96.6742445700441,33.9913739691805],[-96.6742315702029,33.9893089688997],[-96.6742285700303,33.9888059689933],[-96.674238569527,33.987790968763],[-96.6742405695504,33.9867519683213],[-96.6742315699744,33.9858829685564],[-96.6742275697879,33.9858679678621],[-96.6742295698368,33.9852099679736],[-96.6742315698733,33.9843669676134],[-96.6742355700224,33.983819967468],[-96.6742505697873,33.9833509673364],[-96.6742355699783,33.9831579673944],[-96.6742505697461,33.982731967455],[-96.6742645693998,33.9812899672395],[-96.6742615692349,33.9809019672616],[-96.6742485695141,33.9806429669617],[-96.6742605691446,33.9802439673732],[-96.6742775690094,33.9798799667069],[-96.6742575689803,33.979865966959],[-96.6742705695634,33.9795699667434],[-96.6742725696531,33.9795239673115],[-96.6742795690666,33.9793479672563],[-96.6742915696051,33.9790779673452],[-96.6743115695094,33.9772209668007],[-96.6743085693527,33.9769569662687],[-96.6743005689377,33.9762949661954],[-96.6742935694695,33.9756509660561],[-96.6742925694076,33.9754189661064],[-96.6742925693677,33.9748199662516],[-96.6743285690033,33.9712899655879],[-96.6743285689711,33.9708059656617],[-96.6743285689174,33.9699989651698],[-96.6743285688931,33.9696349654036],[-96.6743365683404,33.9692689655446],[-96.6767125696978,33.969270964628],[-96.6768785693012,33.9692699654734],[-96.6787145698997,33.9692599649255],[-96.6790605697558,33.9692579648169],[-96.6800725699178,33.9692619649553],[-96.6805405700354,33.9692639650263],[-96.6823785707268,33.9692569646172],[-96.6831925707006,33.9692589646722],[-96.6834545711584,33.9692589646601],[-96.6837705714221,33.9692589646455],[-96.6845045712835,33.9692599646578],[-96.6855095711208,33.9692619647039],[-96.6870475722902,33.9692539642625],[-96.6875075720366,33.9692519641486],[-96.6878485716605,33.9692439646618],[-96.6893145721898,33.9692459646866],[-96.6911845725664,33.969238964276],[-96.6915525734424,33.9692339640275],[-96.6916285733701,33.9692469646259],[-96.6916615731017,33.9692469646244],[-96.6916605730408,33.9690299644699],[-96.6916715726148,33.9684779640927],[-96.6916635731081,33.9679509639747],[-96.691683572855,33.9637269635551],[-96.6917045726381,33.9593509623932],[-96.6917005722622,33.9564889620827],[-96.6917015722573,33.9557179614589],[-96.6917055722924,33.9534569610955],[-96.6917105715799,33.9527809612726],[-96.6917175718399,33.9518079611884],[-96.6917155716984,33.9510749614247],[-96.6917085722378,33.9505439611214],[-96.6917145715457,33.9494769602822],[-96.6917285720554,33.9473789602707],[-96.6917265718113,33.9451019600661],[-96.69172557174,33.9447269597906],[-96.6917255716724,33.9437089594218],[-96.6917265717042,33.9434899591746],[-96.6917375711884,33.9415859591521],[-96.6917355710492,33.9408859591177],[-96.6917345709877,33.9406589593995],[-96.691731570781,33.9396419590771],[-96.6917315707749,33.9395499584148],[-96.6917315707567,33.9392759592184],[-96.6917315707507,33.9391849586023],[-96.6917325707743,33.9388429589554],[-96.6917355708455,33.9378209584012],[-96.6917375709156,33.9374799588006],[-96.6917365708512,33.9372089588438],[-96.6917335706583,33.9363989582129],[-96.6917335706404,33.9361289583024],[-96.6917345706688,33.9358579583455],[-96.6917395708469,33.9350489577607],[-96.6917415709217,33.93477895785],[-96.6917445710305,33.9343219582744],[-96.6917475711477,33.9339919573844],[-96.6917355705223,33.9329539578887],[-96.6917305702603,33.9324989575068],[-96.6917315702872,33.9322069574769],[-96.6917315702833,33.9321479574431],[-96.6917345703527,33.9310979573911],[-96.6917355703758,33.9307479573739],[-96.6917365704112,33.9305829569289],[-96.6917385704826,33.9302599572622],[-96.6917345702859,33.9300909575316],[-96.6917325701823,33.9299279571793],[-96.6919325704632,33.9299299572627],[-96.6923745702748,33.9299369566671],[-96.6925355705457,33.9299359566134],[-96.6927365708728,33.9299349574572],[-96.6929635706071,33.9299379566863],[-96.6936275708205,33.9299479571186],[-96.6936455707557,33.9299469570715],[-96.6937595706459,33.9299459570199],[-96.6938705712946,33.9299199567103],[-96.6939835711463,33.9300369567263],[-96.6940255712985,33.9300869572407],[-96.6940465713763,33.9301369568568],[-96.694059571086,33.9302309567118],[-96.6940555709045,33.930290956792],[-96.6940535708154,33.9303459566407],[-96.6940175709481,33.930396957205],[-96.693963571144,33.9304249567053],[-96.6939185708585,33.9304629566681],[-96.6938495712638,33.9305769574529],[-96.6938065710752,33.9306779567353],[-96.6937905712416,33.9308129575906],[-96.6937575706221,33.9309839574155],[-96.6937405707366,33.931035957126],[-96.6936915711672,33.9311079568645],[-96.6936375713646,33.9311589574297],[-96.6935025714072,33.931268957133],[-96.6934515708445,33.9313229569376],[-96.6934315708185,33.9313539574746],[-96.693426570588,33.9313739575015],[-96.6934245713955,33.9313869572041],[-96.6934395711945,33.9314289573494],[-96.6935105708996,33.9315819572355],[-96.6935115709503,33.931646957547],[-96.693494571071,33.931792957113],[-96.6932255711855,33.931755957211],[-96.6931085711552,33.9317409574212],[-96.6930275709968,33.9317449576101],[-96.6929635707287,33.931769956972],[-96.6929135711091,33.9317839576225],[-96.6927995712215,33.9318239576811],[-96.6926825711972,33.931899957608],[-96.6926155707902,33.9319269570625],[-96.6924845710171,33.9320199577772],[-96.6924335704534,33.9320569576941],[-96.6923325711701,33.9321199570183],[-96.692310571055,33.9322059574039],[-96.6923495710649,33.9322069574484],[-96.6925265711802,33.9322329577447],[-96.6927435704543,33.9322879575832],[-96.693045570975,33.9323909578416],[-96.6932545707794,33.9324749572245],[-96.6934235714266,33.9325549573235],[-96.693578571425,33.9326399576546],[-96.6937205708186,33.9326939574503],[-96.6938175708216,33.9327199577503],[-96.6942745713334,33.932796957697],[-96.694426571188,33.9328119574852],[-96.6948285718441,33.9328389578174],[-96.6949535713447,33.9328329575338],[-96.6952675715076,33.9327109572667],[-96.6953505717542,33.9326389575265],[-96.6955475718786,33.9323789571706],[-96.6956005716321,33.9322859573588],[-96.6957415718562,33.9320019576929],[-96.6957835719988,33.9319079569361],[-96.6958755717502,33.931636956975],[-96.6958995719582,33.9315529575812],[-96.6959225712206,33.9314709573808],[-96.6959415711972,33.9313939574121],[-96.6959675714899,33.9311889569126],[-96.6959685715323,33.9311289568325],[-96.6959665714358,33.9310729569378],[-96.6959605720534,33.9310199571821],[-96.6959565718646,33.9309699566659],[-96.6959585719515,33.930881957088],[-96.6959715716501,33.9308079572585],[-96.6959815712125,33.9307779567683],[-96.6955535711596,33.9309049572723],[-96.6951605718254,33.9309559569538],[-96.6949505710797,33.9309379570294],[-96.6949685709974,33.9306709572569],[-96.6949505710395,33.9303319568504],[-96.6952025709919,33.9297039565406],[-96.6952015709241,33.9293819569204],[-96.6952985709048,33.929071956952],[-96.6955865716501,33.9287899564726],[-96.6956335711213,33.9286349564885],[-96.6957575714661,33.9284979564349],[-96.6959265711741,33.9279759565401],[-96.6959535715028,33.9276159560586],[-96.696143571304,33.9273769566752],[-96.6961095715035,33.9270359561769],[-96.6958245708493,33.9265949564561],[-96.6956915709576,33.9262979562009],[-96.6953805709052,33.9259879562513],[-96.6951865708932,33.9258459559808],[-96.6944565712081,33.925706955874],[-96.6943835705165,33.9256369562337],[-96.6942845704159,33.9255379561511],[-96.694020570756,33.9254059563469],[-96.6938295708838,33.9252739565394],[-96.6937505708134,33.9252079561852],[-96.6938895709636,33.9252079561788],[-96.6941195708393,33.9252459561289],[-96.6944695708803,33.9252349565028],[-96.694541570625,33.9252849561166],[-96.6946405707212,33.9253179558412],[-96.6947925705741,33.9253069562242],[-96.6948905706196,33.9252739564904],[-96.6953255709912,33.9250599564547],[-96.69548457116,33.9249169561217],[-96.6955835712423,33.9247409560622],[-96.6956295706657,33.9245649560051],[-96.6956205711463,33.9245449559788],[-96.6967635710915,33.9246099562377],[-96.6979055718897,33.9246759556436],[-96.698001571845,33.9246819559169],[-96.6979515713065,33.9244019555457],[-96.6979015716675,33.92412295612],[-96.6974525713657,33.9216199553645],[-96.6969475711441,33.9187969550839],[-96.6936265695896,33.9120909541142],[-96.6876545672823,33.9033599521383],[-96.6779885650593,33.9022339526099],[-96.6784525649199,33.9011559521394],[-96.6785795653935,33.9008629520574],[-96.6800345652239,33.8980109521421],[-96.6805685656346,33.8969659513977],[-96.6808505652211,33.8969659513847],[-96.6811325657069,33.8969659513718],[-96.6857485666112,33.8969639510667],[-96.7012905705327,33.896959950166],[-96.7060605722825,33.8969589499001],[-96.7064685723188,33.8970079503514],[-96.7064865722563,33.8970399500335],[-96.7066385721198,33.8971879505837],[-96.7067895719347,33.8973029505053],[-96.7071325725631,33.897484949923],[-96.7073765721993,33.897682950086],[-96.7074095719395,33.8978139507539],[-96.7073695718896,33.8979079506113],[-96.7073635725227,33.8980889508981],[-96.7074425725991,33.8982479501623],[-96.7074965724094,33.898311950425],[-96.7075545724054,33.8983799508728],[-96.7076465721835,33.8985119506849],[-96.7076795728228,33.8986389502683],[-96.7077525726226,33.8988199505514],[-96.707884572463,33.8990449510704],[-96.7080165722995,33.89920995061],[-96.7081805727161,33.8993089506895],[-96.7084505726491,33.8993639505256],[-96.7087415726554,33.899401950473],[-96.7090115725852,33.8994079507384],[-96.709241573357,33.8993969502185],[-96.7092815725127,33.8993799503288],[-96.7094135732442,33.8994789504099],[-96.7095915734074,33.8995279508717],[-96.7097035732082,33.8995779504836],[-96.7103885735185,33.8999289505157],[-96.7105405733831,33.9000939509537],[-96.7106915731991,33.9002259507631],[-96.7109355737313,33.9003739504097],[-96.7112255736968,33.9004949506028],[-96.7113375734942,33.9004949505976],[-96.7116475734856,33.9005829510604],[-96.7118715739876,33.900698951025],[-96.7120035738187,33.9007839504579],[-96.712102573917,33.9008469506723],[-96.7124055735881,33.901000950594],[-96.7129065743486,33.9011869510889],[-96.7132295740475,33.9013359507781],[-96.7136685737314,33.9015159509981],[-96.7137625744955,33.9015549510008],[-96.7137745741527,33.9015569510929],[-96.7139345743797,33.9015939509999],[-96.7140525744543,33.9015769511067],[-96.7141115744909,33.9015579511236],[-96.7141915746016,33.9015329508618],[-96.7142145738709,33.90155495098],[-96.7142445743645,33.9015829504764],[-96.7142045743211,33.901774951274],[-96.7146005747178,33.9020879504592],[-96.7146925744971,33.9022369510584],[-96.7147255742359,33.9023459507077],[-96.7147495744522,33.9023869508063],[-96.7147645742501,33.9024119510638],[-96.7148765749512,33.9024779505172],[-96.7151075748756,33.9025499511422],[-96.7151865749448,33.9025989507093],[-96.715239574715,33.902757950874],[-96.7153915745774,33.9028899506834],[-96.7155825744452,33.9029559510324],[-96.7161755749745,33.9031319510601],[-96.7164855749654,33.9032139512451],[-96.7167295754948,33.9033189506995],[-96.7169005753367,33.9034179507787],[-96.7171115752379,33.9035659513262],[-96.717488575655,33.9039099510483],[-96.7175265756208,33.9039449508684],[-96.7177115752213,33.9041759507634],[-96.7178235750293,33.9043349509254],[-96.7179355757393,33.9045329510945],[-96.7181685757652,33.904737951582],[-96.7181795753765,33.9047469510989],[-96.7186015760722,33.9049499514852],[-96.7187135758719,33.9049829512093],[-96.7190825758978,33.9050209511531],[-96.7191215759099,33.9050549509268],[-96.7191745756705,33.9050709516652],[-96.7192535757441,33.9051859515901],[-96.7193655755481,33.9052849516721],[-96.7194975762763,33.9053349512831],[-96.7196295761106,33.9054659510471],[-96.7196685761247,33.9055319514031],[-96.7196825758863,33.9057079514574],[-96.7197745756699,33.9059229515152],[-96.7198865763751,33.9060489510486],[-96.7200715759694,33.9061859510879],[-96.7202095760787,33.9062689513272],[-96.7203215758784,33.9063019510513],[-96.7204605760285,33.9063019510449],[-96.7209605767227,33.906185951047],[-96.7222655769524,33.9057569509092],[-96.7226545769979,33.9056689513134],[-96.7228915771906,33.9055919513347],[-96.7230295763878,33.9054819507319],[-96.7231485765015,33.9053559511879],[-96.72331957725,33.9055639509178],[-96.723484576818,33.9057289513552],[-96.7237155767434,33.9058169509224],[-96.7238735768752,33.9058169509151],[-96.7240055767084,33.9059319508376],[-96.7241375774348,33.9059539509508],[-96.724288577241,33.9059379511023],[-96.7244015771002,33.9061689510007],[-96.7245325768859,33.9062669510354],[-96.7248035777664,33.9063499512686],[-96.7249745776032,33.90637195138],[-96.7249945776335,33.9064049511083],[-96.7250365777914,33.9065409511079],[-96.7250475774048,33.9065809511608],[-96.7250585770175,33.90661095165],[-96.7250675774368,33.9066399511936],[-96.7250995771289,33.9067449515571],[-96.7252315778582,33.9068109510095],[-96.7253895770972,33.9069099510894],[-96.7254825778145,33.9069429517137],[-96.7253435776684,33.9070039509471],[-96.725363577703,33.907101950987],[-96.7254365774951,33.9071679513415],[-96.7255355775935,33.9072339516947],[-96.7255155775676,33.9072669514249],[-96.7254165774758,33.9072999511588],[-96.7253175773803,33.907277951044],[-96.7252455776368,33.9072449513181],[-96.7251655775202,33.9071799510102],[-96.7250935777701,33.9070479511972],[-96.7247905772011,33.9069159513948],[-96.72463257707,33.906926951012],[-96.7243815771296,33.90703695162],[-96.7243355776997,33.9071139515899],[-96.7242965776998,33.9072619512496],[-96.7241975776589,33.9080639515147],[-96.7240325772225,33.9083669511622],[-96.7238875768196,33.908750951861],[-96.7237625773431,33.9091199518644],[-96.7237365770612,33.9094879518169],[-96.7237435774083,33.9098279522702],[-96.723710577718,33.9104489522459],[-96.7238825776959,33.9118999519703],[-96.7241275774364,33.9129719521302],[-96.7242125777954,33.9131969526513],[-96.7242065775388,33.9135209523643],[-96.7242525778975,33.9138889523135],[-96.7243585774489,33.9143729531342],[-96.7244835778739,33.914745952412],[-96.7246755778275,33.9154059532836],[-96.7248075776723,33.9156969532611],[-96.7249715781017,33.915987953237],[-96.7249985784836,33.9164279529235],[-96.7249065778564,33.9170539531333],[-96.7248015784068,33.917405953248],[-96.7247945780983,33.9176479536611],[-96.7248275778382,33.9177739531982],[-96.7249595785751,33.9179549534785],[-96.7252565779924,33.9184769533518],[-96.7253425784001,33.9187349536021],[-96.725335578097,33.9190599533615],[-96.7253025783899,33.9194279533143],[-96.7252175780713,33.9198129540567],[-96.7250725785666,33.9201809540148],[-96.7249475781944,33.9206039538204],[-96.7249405778808,33.9207689542657],[-96.724954578546,33.9210109537785],[-96.7250665783551,33.9211859537819],[-96.7252175781701,33.9213019537498],[-96.7253295788706,33.9213569535932],[-96.7254815787264,33.9213899542148],[-96.726008578879,33.9213509541834],[-96.7262395787989,33.921355953505],[-96.726287578327,33.9213599536879],[-96.72647057872,33.9213779536136],[-96.7266085788216,33.921344953878],[-96.726681578607,33.9213119541453],[-96.7268455790069,33.9211579542021],[-96.7267935783783,33.9209169538381],[-96.7268125792528,33.9208179537501],[-96.7268525784023,33.9207079540511],[-96.7269515784919,33.9206419536887],[-96.7272875787724,33.9204709538498],[-96.7277745788517,33.920173953566],[-96.7280125790824,33.9199709531493],[-96.7281575795003,33.9198119538748],[-96.7282555795384,33.9196689535446],[-96.7284135787519,33.9193829537853],[-96.7285125788448,33.9193659529937],[-96.728631578968,33.9193829537753],[-96.7286245795472,33.9194489532342],[-96.7284995791713,33.9198169531913],[-96.7284935789146,33.9201409538036],[-96.7285465795906,33.9203989540554],[-96.7286655788415,33.9208229538961],[-96.7287965795328,33.9210149537865],[-96.7290085794838,33.9212129539509],[-96.7295155796339,33.9215589537596],[-96.729957579466,33.9218769540735],[-96.7300895792927,33.9218939539552],[-96.7302805800547,33.921882953437],[-96.7304585802125,33.9218499536996],[-96.730873579649,33.9215199536899],[-96.7310055794716,33.9214759534452],[-96.7312025796048,33.9213489538513],[-96.7313415797444,33.9211899536777],[-96.7315785799287,33.9209859532147],[-96.73179558009,33.9208599536662],[-96.7320855800478,33.9208649538843],[-96.7322045801732,33.9209149534959],[-96.7324155800606,33.9208539533598],[-96.7325545802068,33.9207939532734],[-96.7326855799841,33.9207659537695],[-96.7327845800814,33.920815953382],[-96.7329295805324,33.9211559538289],[-96.7331405804253,33.9211779539385],[-96.7333385806104,33.9211339536907],[-96.7334705804349,33.9211179538432],[-96.7336085805398,33.9211339536783],[-96.7336815803289,33.9211559537942],[-96.7338325810409,33.9212379530872],[-96.7338725802011,33.9212879536018],[-96.7338925802353,33.9213809534101],[-96.7339255808673,33.9213979532964],[-96.7340435809434,33.9214029535225],[-96.7341235810568,33.9214199534065],[-96.734156580796,33.9215349533336],[-96.7343405803585,33.9218919536664],[-96.7344135810499,33.9219579540209],[-96.7345325811764,33.922023953474],[-96.734644580971,33.9219799532302],[-96.7346835809775,33.9219309536577],[-96.7347295812968,33.9217049539836],[-96.7348875805232,33.9216119532677],[-96.7350655806813,33.9215839537617],[-96.7351055807353,33.9215509531313],[-96.7351845807982,33.9215069537884],[-96.7351645807647,33.92142495359],[-96.7351845807895,33.9213749530728],[-96.7353425809195,33.921347953614],[-96.7354545807126,33.921281953251],[-96.7355795811005,33.9210949535803],[-96.735678581184,33.9209359534086],[-96.7356655814728,33.9208199534343],[-96.7355135807078,33.9206389531549],[-96.7354935806757,33.9205779530295],[-96.7355205810219,33.9204799529874],[-96.7355925807653,33.9205119535664],[-96.735632580827,33.9205949529109],[-96.7357635815055,33.9205949529048],[-96.7357905809526,33.920500953048],[-96.7358825807198,33.9204679533145],[-96.7360015808423,33.9204739535867],[-96.7360805809049,33.9204239530668],[-96.7361525815467,33.9204409529512],[-96.7360805809093,33.9204899534246],[-96.7359225807815,33.9205509535582],[-96.7358235806907,33.9205999531336],[-96.7359555814262,33.9207599533409],[-96.7359685811373,33.9208749532689],[-96.7358895810765,33.9209519532404],[-96.7359225808212,33.921149953413],[-96.7359025808059,33.9213419533104],[-96.7355665814259,33.9215289538901],[-96.7353495812624,33.9216229537557],[-96.7350985813261,33.9217929535444],[-96.7349605812711,33.9225289534534],[-96.7350335810654,33.9226279535371],[-96.7350785813551,33.9226549538859],[-96.7352245809365,33.9227439535032],[-96.735396580828,33.9228919540524],[-96.7355615813136,33.9233309536861],[-96.7358645809847,33.9234849536078],[-96.7360755817734,33.9234519538689],[-96.7363325810824,33.9231879542243],[-96.736411581145,33.9231389537506],[-96.7364705811818,33.9231219538601],[-96.7367735817511,33.9232599539402],[-96.7368725818528,33.9233749538643],[-96.736965581674,33.9234569540593],[-96.7370175813935,33.9235509539125],[-96.737103581811,33.9239569538206],[-96.7371835819298,33.924055953904],[-96.7372955817339,33.9241549539859],[-96.7388185822634,33.9249899539054],[-96.7389505820901,33.9250059537408],[-96.7390295821538,33.9249729540079],[-96.7389965824179,33.9249069536516],[-96.7389165823005,33.9248299536874],[-96.7386735818197,33.9247589540086],[-96.7385745817214,33.9246929536554],[-96.7385015819238,33.9245449540009],[-96.738231581989,33.9244619537677],[-96.7381385821699,33.9244129542013],[-96.7380795821266,33.9243309540047],[-96.7380265814546,33.9241329538329],[-96.7380525817448,33.923890953419],[-96.7381915818836,33.9237209536354],[-96.7382245816148,33.9237149533561],[-96.7382765822281,33.923725953863],[-96.7382905819809,33.923769954101],[-96.7382635816329,33.9238409537922],[-96.7382045816017,33.923939953882],[-96.7381515818464,33.9240059542423],[-96.7381455815759,33.9241219542175],[-96.7381655816109,33.9242259536358],[-96.7382045816243,33.9242809534826],[-96.7382835816927,33.924318954339],[-96.7383365823524,33.9243299539465],[-96.738415582418,33.9243249537114],[-96.7384555815737,33.9243079538218],[-96.7384485821434,33.9242319539006],[-96.7383825817627,33.9239569537616],[-96.7384025817823,33.9238299541758],[-96.7384615818115,33.9236989535037],[-96.7385535815761,33.9236269537631],[-96.7386195819317,33.9235229534415],[-96.7386105824063,33.9234119536985],[-96.7386065822173,33.9233579538965],[-96.7387715817649,33.9232149535632],[-96.7389625816199,33.9230879539695],[-96.7391205817499,33.9230609536115],[-96.7392725825029,33.9230609536045],[-96.7394495826189,33.9230989535571],[-96.7396745822679,33.9232139534752],[-96.7397735823685,33.9233129535578],[-96.739766582045,33.9233299534459],[-96.7399845822633,33.9233629540644],[-96.7401155820494,33.9234669534777],[-96.7401885827386,33.9234999541029],[-96.7404385826453,33.9235819533913],[-96.7406105825321,33.9236589533512],[-96.7406965829234,33.9236699538566],[-96.7407485826359,33.9236589533448],[-96.7407945829648,33.9235769540427],[-96.7408015823853,33.9235049534067],[-96.7407155828847,33.9233619539844],[-96.7406765828658,33.9232249539383],[-96.7406955828409,33.9231259538504],[-96.7407885826622,33.9232089531924],[-96.7408735821157,33.9233399538578],[-96.7409335822047,33.9234119535914],[-96.7410385825806,33.9234669534351],[-96.7411775827318,33.9234829532701],[-96.7412305824969,33.9235659535133],[-96.7411375826834,33.9235989532469],[-96.7409995825814,33.923625953604],[-96.7409005824936,33.9237199534641],[-96.7407815823777,33.9238129532789],[-96.7406835823301,33.9238129532835],[-96.7405905825121,33.9237799535585],[-96.7402475827848,33.9236259536387],[-96.7400765820436,33.9235279536058],[-96.7399385819399,33.9235279536122],[-96.7394235823233,33.9232589537717],[-96.7392325824573,33.9232199537734],[-96.7391135823363,33.9232369536667],[-96.7389555822096,33.9233139536418],[-96.7388835824727,33.923379954003],[-96.7387385820578,33.9235829535161],[-96.7386595820057,33.9237919542032],[-96.7385935816494,33.9238849540155],[-96.7386335817099,33.9239509534722],[-96.7387125817802,33.9240169538264],[-96.7387645823918,33.9240009539825],[-96.7388445824989,33.923923954011],[-96.7389695819861,33.9237149533218],[-96.7390875820563,33.92363195397],[-96.7392065821751,33.9235829534945],[-96.739364582307,33.9235829534872],[-96.7397605826852,33.9236159540975],[-96.7399185819201,33.923653954051],[-96.7400175820178,33.9237089538949],[-96.7401625824535,33.9238189535853],[-96.7402345822046,33.9239669541392],[-96.7402745822681,33.9240769538344],[-96.7401955822076,33.9241589540373],[-96.7401495827788,33.924252953895],[-96.7401295827573,33.9243519539831],[-96.7399585820234,33.924362953601],[-96.7397605827336,33.9243459537223],[-96.7393785821005,33.9242419534214],[-96.739186582186,33.9241709537402],[-96.7390155823485,33.9241379540188],[-96.7388965822272,33.9241489536343],[-96.7387985821839,33.9242149539966],[-96.7387915818765,33.9244729542512],[-96.7388505819198,33.9245559535948],[-96.7390025817745,33.9245719543285],[-96.7391215818988,33.9246049540524],[-96.7393655824303,33.9247419540889],[-96.7394575822103,33.9249019542982],[-96.7396095820683,33.9249669537034],[-96.739741582799,33.9250549541744],[-96.7399785820923,33.9249779541956],[-96.7400375821301,33.9249779541929],[-96.7400705827644,33.9250279538084],[-96.7399785820996,33.9250879538927],[-96.7398995820359,33.9251209536256],[-96.739873582634,33.9251979535946],[-96.7400645825033,33.9252859540629],[-96.7402355823506,33.9254669543415],[-96.7404075822378,33.9255499536798],[-96.7403875822149,33.9256269536486],[-96.7404005828253,33.9257419544758],[-96.7404205828578,33.9258079539335],[-96.7405125826316,33.925873954287],[-96.7406115827266,33.9258899541239],[-96.7406845825166,33.9259229538498],[-96.7407235825304,33.9259839539744],[-96.7407045825497,33.9259999538167],[-96.7405855824273,33.9259949544901],[-96.7404275822929,33.9259559544903],[-96.740361582828,33.9259289541426],[-96.7403015827368,33.9258239537805],[-96.7402685829961,33.9256869537341],[-96.7402355823601,33.9256099537678],[-96.7401035825335,33.9255939539324],[-96.74005758219,33.9254559538404],[-96.7399325826799,33.9253189537983],[-96.7397675822188,33.9252479541159],[-96.7396425827159,33.9252199537246],[-96.739510581991,33.9252199537306],[-96.7394245825031,33.925269954251],[-96.7393915818777,33.9253519544518],[-96.7394445825498,33.9255499537242],[-96.739444582556,33.9256429544329],[-96.7395175823514,33.9257589544044],[-96.7395895820967,33.9258189544811],[-96.739596582425,33.9258739543293],[-96.7395305820625,33.9258739543324],[-96.7393855825215,33.9256929540526],[-96.7393265824829,33.9256819544454],[-96.7392665824008,33.9257149541774],[-96.7392735827316,33.9258079539864],[-96.739227582402,33.9258799537248],[-96.7390755825557,33.9259899543282],[-96.7390495822541,33.9260609540195],[-96.7390565825853,33.9261599541062],[-96.7392345827565,33.9263299538752],[-96.7393865826339,33.9266879542558],[-96.7394915821086,33.9267149546017],[-96.7395835827799,33.9267529545582],[-96.7396165825133,33.9267809540544],[-96.7395975825392,33.9268959539839],[-96.7396035828259,33.9270229544678],[-96.739755582686,33.9271209545016],[-96.7397555826901,33.9271819546279],[-96.7397225829614,33.9272259539687],[-96.7395385825157,33.9271109540486],[-96.7394715821061,33.9270999544417],[-96.7393735820599,33.9271219545655],[-96.7393075825942,33.9270829545615],[-96.7393865826507,33.9269399542322],[-96.7393005822561,33.9268799541561],[-96.7391685824284,33.926846954433],[-96.7392015821479,33.926665954145],[-96.7390895823449,33.9265829539045],[-96.7390765826375,33.9265229538251],[-96.7390435820033,33.9264729542096],[-96.7389835819176,33.9264509540931],[-96.7388845818265,33.9264949543362],[-96.738832582114,33.9265059539486],[-96.7387795823525,33.9264789544996],[-96.7387595823223,33.9264459538719],[-96.7388055826508,33.926357954292],[-96.7388845818116,33.9262699538112],[-96.7389115821576,33.9261709546222],[-96.7388125820461,33.9259069540947],[-96.7388185823134,33.9257429536959],[-96.7389175824067,33.9257319540813],[-96.7390295821987,33.9256489538305],[-96.7390755825163,33.9253959538057],[-96.7389235817589,33.9253299543541],[-96.7386205820922,33.9252429539373],[-96.7382775823606,33.9250229536596],[-96.7380275815568,33.9249739541004],[-96.7376185814747,33.9249349541123],[-96.7372885814637,33.9249739541345],[-96.7371375816531,33.9249239536252],[-96.7370055818167,33.9247599541319],[-96.7368405813515,33.9246279543232],[-96.7366625811872,33.9245619539735],[-96.7365305813634,33.9245889543304],[-96.7364715813321,33.9246879544202],[-96.7364845819455,33.9248479537338],[-96.7365175816877,33.9250069538993],[-96.7366895815752,33.9250949543686],[-96.7370185815471,33.9251659540434],[-96.7370715813119,33.9252429540088],[-96.7369135820837,33.9253089543739],[-96.736623581234,33.9254139538529],[-96.7364255819482,33.9254579541005],[-96.7361425814124,33.9254029542651],[-96.7358915814626,33.9253699545474],[-96.7355625814951,33.9253649543311],[-96.7348835815001,33.9255739541466],[-96.7347055813412,33.9255899539963],[-96.734494581445,33.925518954316],[-96.7343035806801,33.9254859545956],[-96.7340135807274,33.9255579543452],[-96.7338485811819,33.9257329543615],[-96.7338815809434,33.9261839545569],[-96.7338555806448,33.9262989544867],[-96.7338755806791,33.9263929543414],[-96.7337965806176,33.9264589547029],[-96.7336975805275,33.9265189547874],[-96.7337305811661,33.9266349547608],[-96.7337305811734,33.9267449544579],[-96.7337635809115,33.9268429544972],[-96.7336845808499,33.9269089548587],[-96.73361158106,33.9268759542335],[-96.7336315810805,33.9267609543039],[-96.7335395813067,33.9266949548497],[-96.7334005811533,33.9266459543861],[-96.7334595811867,33.9265799549248],[-96.7335985813328,33.926518954792],[-96.7336775804922,33.926408954192],[-96.7337625808213,33.9261839545624],[-96.7336905810724,33.9260689546372],[-96.7334995812024,33.9259699545588],[-96.73347958117,33.9259039542019],[-96.7334855805383,33.9257449540345],[-96.733466580551,33.9256619546891],[-96.7333735807299,33.9255799544941],[-96.7332225809193,33.9255299539847],[-96.7330835807688,33.9255249546589],[-96.7328665806052,33.9256179544782],[-96.7327545808089,33.9256349543711],[-96.7326025809505,33.9255629546419],[-96.7322005802864,33.9254149541033],[-96.7314685805008,33.9251569547821],[-96.731198580566,33.9250749545952],[-96.7305525802792,33.9249319542994],[-96.7301435801961,33.9248769544697],[-96.7298205796064,33.9248559544116],[-96.7296225794223,33.9249159545008],[-96.7290035795054,33.9250319545042],[-96.7286535794667,33.925075954759],[-96.7283835795403,33.9251199541106],[-96.728185579353,33.9251309546291],[-96.72797457946,33.9251089545195],[-96.7276255794611,33.9250539546871],[-96.7274345795988,33.9250709545837],[-96.7272765794721,33.9251479545588],[-96.7271775793842,33.9252409543727],[-96.7270785793063,33.92548295479],[-96.7267555787505,33.9259719549626],[-96.7265775794982,33.9260979545094],[-96.726261579244,33.9262409548496],[-96.7260835790875,33.9262929545675],[-96.7257605785057,33.9263899545769],[-96.7255035791799,33.9264009550981],[-96.7252725783606,33.9263959548772],[-96.7249295786381,33.9263129546474],[-96.7246395786748,33.926224955083],[-96.7244285787807,33.9261869551319],[-96.7237365781662,33.9261429549253],[-96.7234865782623,33.9261049549761],[-96.7233145783773,33.9260549544676],[-96.7229455783446,33.9259129551046],[-96.7226815777883,33.9258249546397],[-96.7221085781779,33.9255229550726],[-96.7219175783068,33.9254069551065],[-96.7216665774555,33.9253409547603],[-96.7212245776415,33.9252979545884],[-96.7210135777522,33.9253309552268],[-96.7206845777843,33.9253199547326],[-96.7200455769403,33.9254409549685],[-96.7197685775903,33.9255119546713],[-96.7193595775222,33.9256829554129],[-96.7184825773414,33.9259249549668],[-96.7180145772353,33.9260949547655],[-96.7177445764158,33.9262329548722],[-96.7175995768962,33.9263749551582],[-96.7174815768387,33.9266499553057],[-96.7174155764941,33.9269189551729],[-96.7175205768933,33.9273259551265],[-96.717784576562,33.9275899556464],[-96.7179895770993,33.9279629558198],[-96.7182465773523,33.9283699557663],[-96.718391576905,33.9287269552017],[-96.7185035776106,33.9288589559122],[-96.7187745775911,33.9289299555897],[-96.7190045774676,33.9289799560954],[-96.7190965772392,33.9290129558205],[-96.7192155773657,33.9290789552735],[-96.719268577134,33.9292109559867],[-96.7192945774585,33.9294849560812],[-96.7193875772904,33.9297269555904],[-96.719479577969,33.9298749561433],[-96.7197825776409,33.9300399556749],[-96.7202455775384,33.9302219559863],[-96.720396578249,33.9302819560594],[-96.7206265781266,33.9303479555073],[-96.7208375780207,33.9303859554584],[-96.7209765781741,33.930434955922],[-96.7210485779249,33.9305779562443],[-96.7214185780297,33.9311059554927],[-96.7217545783452,33.9314629558186],[-96.7221235783745,33.9315509562786],[-96.7225855782165,33.9315949555965],[-96.7225985788288,33.9317369558754],[-96.7225725785353,33.9319299558192],[-96.7226055782818,33.9321549563427],[-96.7226975789681,33.9324189559712],[-96.7228825785748,33.9327429565747],[-96.7232185788957,33.9331819562005],[-96.7236405786955,33.9334349562038],[-96.7236735784344,33.9335449558993],[-96.7239175789798,33.9338909566195],[-96.7240825785562,33.9341819565954],[-96.7243665791534,33.9344619560565],[-96.7244585789316,33.9345939567679],[-96.7246495787961,33.9346109566469],[-96.7248015795472,33.9345829562427],[-96.7250985789248,33.9345059562612],[-96.7251185789533,33.9345129565844],[-96.7251375789367,33.9345389559887],[-96.7249795788122,33.9346489565924],[-96.7247815795298,33.9347429564571],[-96.7247755792719,33.9350499562824],[-96.7247885789904,33.935275956853],[-96.7247815795779,33.9354679567498],[-96.7248145793149,33.9355499569476],[-96.7246235794588,33.9356599566534],[-96.7245055793893,33.9357539565145],[-96.7244195790094,33.9359129566856],[-96.7244395790448,33.9360229563818],[-96.7245515788565,33.9362369563923],[-96.7244525796681,33.9363309571517],[-96.7244065793461,33.9365179568188],[-96.7244005790858,33.9367869566833],[-96.7244335788228,33.9368689568811],[-96.724551578904,33.9369519571213],[-96.7248155794613,33.9370559565283],[-96.7253365793453,33.9371599568229],[-96.7254285791191,33.9372259571765],[-96.7254485791527,33.9373089565219],[-96.725389579122,33.9374179570747],[-96.7252705799037,33.9374839565387],[-96.7251325798062,33.9375779573],[-96.7250335797217,33.9377209567309],[-96.7250465794303,33.9377979566981],[-96.7251385792073,33.9379129566224],[-96.7252575793349,33.9379959568626],[-96.7253695791338,33.9380169569304],[-96.7255085792817,33.9379839571947],[-96.7255085792767,33.9379079572732],[-96.7255475792821,33.9378419569136],[-96.7256665794016,33.937802956901],[-96.7257455794694,33.9378309572944],[-96.7255805799507,33.9384089570838],[-96.7255685794161,33.9387379570286],[-96.7258405794808,33.9393799570631],[-96.7261275802256,33.9397879570545],[-96.7262585800285,33.9401439573435],[-96.7265085799495,33.9404409575933],[-96.726444579689,33.9405799577367],[-96.7262735798539,33.9405829578835],[-96.7264245796758,33.9408029572706],[-96.7263935800602,33.9411529572893],[-96.7263685798114,33.941319957828],[-96.726321580335,33.9413949577054],[-96.72621057969,33.9414769579098],[-96.726028580251,33.9415829574301],[-96.7260225799818,33.9417199574782],[-96.7261005800132,33.9418979576221],[-96.7260935797009,33.9420829580941],[-96.7259925804366,33.9424299579771],[-96.7259925804587,33.9427629581065],[-96.7259935796286,33.9431069578459],[-96.7260205799857,33.9431729582025],[-96.726024580176,33.9432459579849],[-96.7260605800532,33.9433429579778],[-96.7261885797159,33.9436839584717],[-96.7261985801883,33.9438149582413],[-96.7262245805079,33.9440149585068],[-96.7262625804845,33.9442139578263],[-96.7262375802556,33.9446799578196],[-96.7262695799569,33.9449219582308],[-96.7262945802465,33.9453679581951],[-96.7263015805849,33.9455769579789],[-96.726292580191,33.9459279580429],[-96.7262925801918,33.9459399585984],[-96.7262965803991,33.9462689585425],[-96.7262935802816,33.9465929582554],[-96.7262765804073,33.9468129585497],[-96.7263075800592,33.9470109587224],[-96.7262935803313,33.9473409587136],[-96.7262915802485,33.9474909584641],[-96.7262845808932,33.9485419585624],[-96.726285581022,33.9497819593171],[-96.7262865801807,33.9499559592794],[-96.7262845810081,33.9502689593822],[-96.7262895803955,33.951093959808],[-96.7262965807738,33.9519019594466],[-96.726298580914,33.9526149600828],[-96.726291580625,33.9531499596727],[-96.7262915806486,33.9535049599214],[-96.7262915806784,33.9539519599331],[-96.7262975810094,33.9547459598228],[-96.7280875812743,33.9547529600642],[-96.7311735822797,33.9547659596241],[-96.7329975823225,33.9547729598639],[-96.7334595830607,33.9547689596574],[-96.7335985832109,33.954768959651],[-96.7352505833719,33.9547749598524],[-96.7373825833075,33.9547829592249],[-96.7437795849593,33.9548069591411],[-96.7459125858405,33.9548149594129],[-96.7478585861423,33.9547899590648],[-96.748372586594,33.9547909590873],[-96.7486985864222,33.9547929591648],[-96.7490065863147,33.9547879589191],[-96.7500095869571,33.9547719590313],[-96.7516365877565,33.9547639585856],[-96.7523725877096,33.9547519588953],[-96.7539425876654,33.9547569590542],[-96.7545905880362,33.9547689586806],[-96.755142588452,33.9547789591181],[-96.7554025879175,33.9547769590134],[-96.7555375887811,33.9547709587294],[-96.755644588346,33.9547609591607],[-96.7556725887449,33.9547589590669],[-96.755753588004,33.9547539588316],[-96.7557895887739,33.9547529587837],[-96.7564495887995,33.9547309586339],[-96.7566025886986,33.9547169588779],[-96.756835588711,33.9547189589597],[-96.7568825890917,33.9547189589575],[-96.7576715888047,33.9547109585507],[-96.7582135887562,33.9547129586182],[-96.7587025889482,33.9547149586882],[-96.758817588885,33.9547179588218],[-96.7591605895019,33.9547269583233],[-96.759819589482,33.9547179587755],[-96.7606295892698,33.9547139585529],[-96.7612345894443,33.9547119584322],[-96.761187589768,33.9517839577665],[-96.7611705898073,33.9507059573187],[-96.7611705897779,33.9502639575385],[-96.7611095893954,33.9464789567645],[-96.7611245891544,33.9459199569625],[-96.7611585887381,33.9429999566633],[-96.7611775886113,33.9413689557909],[-96.7611735892389,33.9400719559947],[-96.7616105888196,33.94009495614],[-96.7625365894914,33.9401189554098],[-96.7629155890801,33.9401329560405],[-96.763497589089,33.9401549552335],[-96.7648125898125,33.9401829555699],[-96.7681475906737,33.9402169551913],[-96.768515590651,33.9402209553596],[-96.7697205907692,33.9402309557669],[-96.7697675911495,33.9402249554869],[-96.7697955906485,33.9402139549763],[-96.7698755907575,33.9401649554019],[-96.7702595914773,33.940178955133],[-96.7711915915269,33.9401869554603],[-96.7715125911231,33.9401859553992],[-96.7716145913563,33.9401879554871],[-96.7720295917148,33.9401999551242],[-96.773040591831,33.9402179550116],[-96.7740955921884,33.9402299555185],[-96.7744465922774,33.9402439552511],[-96.7748435926996,33.9402419551401],[-96.7749885922292,33.9402509555501],[-96.7751375928424,33.9402419551265],[-96.7753545921125,33.9402369548851],[-96.7756455921147,33.9402149547523],[-96.775776592793,33.9402119555067],[-96.7763145925582,33.9402019550188],[-96.7768335932419,33.9402049551338],[-96.7782865931686,33.940213954584],[-96.7785735929862,33.9402049550534],[-96.7787275929312,33.9401839549732],[-96.7797735937616,33.9400609546259],[-96.7800545933003,33.9400409545863],[-96.7804965940091,33.9400169552533],[-96.7807435937713,33.9400189544352],[-96.781135593961,33.9400079548071],[-96.7813115940283,33.9400089548453],[-96.7815935936155,33.9400209544885],[-96.7818855936672,33.9400439546406],[-96.7823015940738,33.9400839546747],[-96.7829315945103,33.9401119550427],[-96.7832055946259,33.9401249547326],[-96.7843155948346,33.9401199544498],[-96.7848855951844,33.9401119549524],[-96.7855275952763,33.9401149550616],[-96.7863995952398,33.9400939549483],[-96.787295595418,33.9400919548144],[-96.7891895960077,33.9400889545879],[-96.7894805960118,33.9400939548059],[-96.7904085958776,33.9401269544924],[-96.7906305962796,33.9401349539531],[-96.7910675967581,33.940134953933],[-96.7931945973605,33.9401399540662],[-96.7940295974085,33.9401419541201],[-96.7941235972706,33.9401419541158],[-96.7942185971791,33.9401409540651],[-96.7950555973197,33.9401429541191],[-96.7951595976456,33.9401439541606],[-96.797825598062,33.9401749536739],[-96.7978545985075,33.9401759537189],[-96.7985415979898,33.9402059541768],[-96.7986475984081,33.9402009539405],[-96.7987865985584,33.9402049541192],[-96.7987715987744,33.9403889536459],[-96.7996405986493,33.9411279545464],[-96.7999445983762,33.9414229538017],[-96.8000245984953,33.9415259540702],[-96.8000625984631,33.9415929544726],[-96.8001215985063,33.9416719545303],[-96.8001415985369,33.9417109545364],[-96.8001835986898,33.9417709546145],[-96.800199598536,33.941824954416],[-96.8002565984913,33.941978954349],[-96.8002895991308,33.9421079540249],[-96.800298598653,33.9421709542434],[-96.8003005987498,33.9422329544159],[-96.8002675990676,33.9429739545514],[-96.8002525993186,33.9436839550494],[-96.8002555994852,33.944096954386],[-96.800259598799,33.9445119547145],[-96.8003005989916,33.9458649553031],[-96.8003005990564,33.946838955433],[-96.8003065993447,33.9469899552294],[-96.8003375990342,33.9477509553886],[-96.8003965991428,33.9488149551862],[-96.8004035995228,33.9496459558896],[-96.8003975992748,33.9501009553725],[-96.8003895998467,33.950753955929],[-96.8003555992464,33.9519089563469],[-96.8003225995633,33.9526369558805],[-96.8003095999223,33.9535749561428],[-96.8003095999876,33.9545549565506],[-96.8003215996495,33.95462595624],[-96.8003496000503,33.9546539566358],[-96.8003955994868,33.9546759567529],[-96.800546600194,33.954683956217],[-96.8017795998103,33.95467295655],[-96.8033416002948,33.9546859561803],[-96.8046036012562,33.9546789566972],[-96.8046216012305,33.9552649568483],[-96.8046186011202,33.9556969570649],[-96.8046096008164,33.9573999567736],[-96.8046196014117,33.9593759574299],[-96.8046146012518,33.9604549579249],[-96.8046116011429,33.9609079573152],[-96.8046486013041,33.964570957837],[-96.8046356016417,33.9651859584329],[-96.8046036019663,33.9653329580459],[-96.8045896013206,33.9653859587018],[-96.8043466017653,33.9657059582405],[-96.8040236012026,33.9660879588548],[-96.8037396015442,33.9663989588781],[-96.8033906015759,33.9668019586673],[-96.8031266010453,33.9670989589407],[-96.8026946008318,33.9675959585893],[-96.801929601392,33.9684969589719],[-96.8015236005817,33.9689369595776],[-96.8014596012159,33.9690049591316],[-96.8013756009229,33.9690769588718],[-96.8012456011956,33.9691589590771],[-96.8011316013088,33.969209959645],[-96.8010716012258,33.9692279595819],[-96.8010036007714,33.9692399592413],[-96.8009096009099,33.9692489596623],[-96.7992936006185,33.9692229594327],[-96.7970665998767,33.9692339591458],[-96.7969665997373,33.9692469597523],[-96.7968905998116,33.9692639596436],[-96.7967535997574,33.9693119591744],[-96.7966846001567,33.9693349593432],[-96.7965535994828,33.969403959846],[-96.7964545993918,33.969448959236],[-96.7963936001624,33.9694759595896],[-96.7962305998055,33.9695779598231],[-96.796098599987,33.9696829592948],[-96.7960725996824,33.9697089596005],[-96.7960535997031,33.9697449594695],[-96.7960275993992,33.9697799592925],[-96.7959975998103,33.9698329599492],[-96.7959745996477,33.9699019595476],[-96.7959535995808,33.9700149593845],[-96.7959595999481,33.9713509600868],[-96.7959636001749,33.9719709600142],[-96.7959485995476,33.9729929605686],[-96.7959495996239,33.9734419606727],[-96.795954599986,33.9753949602644],[-96.7959485997694,33.9763169606848],[-96.7959125999275,33.9767489609029],[-96.7959016003393,33.9770859612179],[-96.7958915998978,33.9774179613014],[-96.7959236007796,33.9818729616205],[-96.7959266000447,33.9822519620808],[-96.7959306002607,33.9827089616559],[-96.7959256009737,33.9833909617562],[-96.7959256009778,33.9834519618826],[-96.7959466001742,33.9837699622158],[-96.7959496003971,33.9850249627651],[-96.7959496004356,33.9856019625004],[-96.7959496004583,33.9859419629539],[-96.795949600564,33.9875239624555],[-96.7959426012221,33.9887719635806],[-96.7959476006247,33.9898209635854],[-96.7959426013524,33.9907229630798],[-96.7959486007559,33.99109096393],[-96.7959556011192,33.9916699637575],[-96.7959656007364,33.9924609635079],[-96.7959816015573,33.9936419642278],[-96.7959776014105,33.9942209640558],[-96.7959896010742,33.9943199641423],[-96.7960316012247,33.9943439643522],[-96.7961486012568,33.9943849644464],[-96.7962846012704,33.9944239644471],[-96.7962726016192,33.9945129640718],[-96.796227601347,33.9947489642087],[-96.7961776017409,33.9949649643192],[-96.7961466012182,33.995195964224],[-96.7960476011811,33.9960469640594],[-96.7960366015822,33.9962239641611],[-96.796046601154,33.9963349648033],[-96.795982601865,33.9975519644956],[-96.7959806017758,33.9976059651973],[-96.7959786017073,33.9979679648707],[-96.7959756015931,33.9983399650072],[-96.7950946012112,33.9983449652796],[-96.7938236007315,33.9983489646244],[-96.7937886009073,33.9983499646724],[-96.7926306011697,33.9983369650235],[-96.7873675990413,33.9983039655383],[-96.7852165991239,33.9982909650361],[-96.7847605986635,33.9982869657714],[-96.7833955983207,33.9982769653717],[-96.7829405979067,33.9982739652539],[-96.7821935983417,33.9982679659101],[-96.7820635977094,33.9982659658235],[-96.7806685977738,33.9982509651937],[-96.7794355972567,33.9982429657798],[-96.7785595971059,33.9982379655889],[-96.7771965968559,33.9982289661347],[-96.7750665961134,33.998213965539],[-96.7734755960828,33.9982029660028],[-96.7689935950995,33.9982309657084],[-96.7649055934995,33.9982509659245],[-96.7645865939961,33.9982519659856],[-96.7641785930638,33.9982549661434],[-96.7625675930062,33.9982599664496],[-96.7612305930625,33.9982539662338],[-96.7610945930518,33.9982579664253],[-96.7607495923433,33.998266966858],[-96.7598105919698,33.9982709661874],[-96.7585415924821,33.9982759664777],[-96.7577885917399,33.9982769665589],[-96.7571085916849,33.9982789666831],[-96.756002591661,33.9982759665954],[-96.7537195910199,33.9982839670716],[-96.7522135904354,33.9982939667051],[-96.7507465898596,33.9982879673947],[-96.7498715897566,33.998304967323],[-96.7495145893904,33.9983049673395],[-96.7489925894671,33.9983049673637],[-96.7478725896935,33.9983049674156],[-96.7445675884268,33.9983079677077],[-96.7440825884205,33.9983079677302],[-96.7436705882019,33.9983089668962],[-96.7426275884016,33.9983089669446],[-96.7421425874959,33.9983099670133],[-96.7403325872035,33.9983099670972],[-96.7364895861706,33.9983119673679],[-96.7358105861633,33.9983359676112],[-96.7353525865132,33.9983889673884],[-96.7349515859091,33.9984459673482],[-96.7349115858535,33.9984529676741],[-96.7347215860389,33.9984899675973],[-96.7344705860946,33.9985399681253],[-96.7343575862524,33.9985659675357],[-96.7341765859563,33.9986089677364],[-96.7338095860321,33.9987059677478],[-96.7337575854205,33.9987209675454],[-96.7334215860343,33.9988149683159],[-96.7331605856287,33.9989009678132],[-96.7331195855202,33.998811968191],[-96.7331015855713,33.9986089677862],[-96.733097585375,33.9984469674804],[-96.7330675857777,33.9983739676991],[-96.7330195853477,33.9983299674629],[-96.7329595852612,33.9982969677363],[-96.7329365850937,33.9982919675059],[-96.7328845853797,33.9982809678983],[-96.7327515855074,33.998275967673],[-96.731316585517,33.9982839681099],[-96.730841585075,33.9982839681319],[-96.7304695849125,33.9982839681491],[-96.7301435850839,33.9982759677939],[-96.7298855848112,33.9982689683811],[-96.7295445842854,33.9982379678609],[-96.7293585846514,33.9982009679551],[-96.7291635845993,33.9981539675866],[-96.7289235842586,33.9980959676103],[-96.7288605840341,33.9980799677718],[-96.7286715842604,33.9980339683487],[-96.728608584036,33.9980189676571],[-96.7284375841979,33.9979779675653],[-96.7284215843551,33.9979739682803],[-96.7283665845018,33.9979609676809],[-96.7281355845785,33.9979049677968],[-96.7267165835079,33.9975619681695],[-96.7262445840967,33.9974479683091],[-96.7262465841741,33.9972179675526],[-96.7262545835999,33.9965309681198],[-96.7262565836836,33.9963969682108],[-96.7262535835382,33.9963019674097],[-96.726244584003,33.9960439680553],[-96.7262265840306,33.995489967587],[-96.7261955834781,33.9952749675265],[-96.7261785835812,33.9951559674136],[-96.7261505831732,33.995021967506],[-96.7261575834942,33.9949679677034],[-96.7261795836044,33.9948089675353],[-96.7261875839718,33.994755967779],[-96.7259305837457,33.994752967652],[-96.7255155833878,33.994748967486],[-96.7251595830678,33.9947479674562],[-96.7249025828418,33.9947479674681],[-96.7246465835616,33.9947469674336],[-96.7238795830692,33.9947439673303],[-96.7236245829361,33.9947429672958],[-96.7235665829569,33.99492796777],[-96.7235415827025,33.9950109680168],[-96.7233795833156,33.9954769680164],[-96.7233185831976,33.9956649677303],[-96.7232505827563,33.9958729674713],[-96.7230475832773,33.9964959675472],[-96.7229805828824,33.9967049682338],[-96.7224435831544,33.9965779677745],[-96.721761582995,33.9964089680753],[-96.7215765825482,33.996973968163],[-96.7215645828933,33.9970069678928],[-96.7215315822691,33.9971059679814],[-96.7215205826606,33.9971399677574],[-96.7214945823593,33.9972149685332],[-96.7214185824476,33.9974419682549],[-96.7213945822391,33.9975179681775],[-96.7213415824903,33.9976789684397],[-96.721184582437,33.998162968373],[-96.7211325827346,33.9983249686814],[-96.7211185820884,33.9983689680213],[-96.7210415821292,33.9985789687546],[-96.7207905821777,33.9985219688251],[-96.7204285824735,33.9984399686426],[-96.7200405824623,33.9983479679983],[-96.7197915826034,33.9982899680224],[-96.7188385815656,33.9980689686261],[-96.7186405822735,33.9980189681189],[-96.7185525817892,33.9980029682816],[-96.7185085815469,33.9979939687662],[-96.7184505815547,33.9979829682596],[-96.7179375820405,33.9978609680307],[-96.7177815819989,33.9978239681235],[-96.7173275816243,33.9977179686327],[-96.7166215812517,33.9975539682668],[-96.7159615812161,33.9974279687588],[-96.7155915811434,33.9973829684911],[-96.7155605806013,33.9973249685051],[-96.7154825805792,33.9972859685017],[-96.7150175805934,33.9971739687336],[-96.714697581039,33.997105968298],[-96.714743580479,33.997180968171],[-96.7148305809223,33.9972769681152],[-96.714851581002,33.9973559681746],[-96.7145125805711,33.9973569682366],[-96.7142685809487,33.9973659686647],[-96.7141285807527,33.9973749681885],[-96.714011580724,33.9973839686106],[-96.713791580417,33.9974109689716],[-96.7134415803791,33.9974689689752],[-96.7133115806483,33.9974979685253],[-96.7129335802131,33.9975819688347],[-96.7128905800185,33.997590968354],[-96.712141580376,33.99781696896],[-96.7120205801639,33.9978579690652],[-96.7115925801126,33.9980059687429],[-96.7113315797056,33.9980719691128],[-96.7109905800867,33.9981539684286],[-96.7105875793906,33.998222968944],[-96.7103625797515,33.99825696873],[-96.7101815794533,33.9982699684409],[-96.7101165800369,33.9982749686754],[-96.7096005794927,33.9982799689308],[-96.7090565794489,33.9982869692801],[-96.7090095790681,33.998285969236],[-96.7089725791511,33.9982859692377],[-96.7082535790867,33.9982959688347],[-96.7079125794621,33.9982939687579],[-96.7077605787092,33.9982939687649],[-96.7076365792546,33.9982939687707],[-96.7074645793728,33.9982939687786],[-96.7067385789829,33.9982899686271],[-96.7064885790815,33.9982889685924],[-96.7057075788393,33.9982869694353],[-96.7051075779968,33.9982849693705],[-96.7047725786506,33.998284969386],[-96.7032035778421,33.9982869695513],[-96.7021105775214,33.9982819693704],[-96.7004265776756,33.9982859696336],[-96.7003175771179,33.9982859696387],[-96.6995175768942,33.998286969722],[-96.6982675764882,33.9982869697799],[-96.6976045763219,33.9982879698569],[-96.6968275762654,33.9982889690399],[-96.6958825765126,33.9982899691299],[-96.6953715761999,33.9982909691999],[-96.6940205756066,33.9982809696988],[-96.693643575212,33.9982779695773],[-96.6930475754541,33.9982729693735],[-96.6929125754893,33.9982719693334],[-96.6926365752817,33.9982709692999],[-96.6924135748337,33.9982709693102],[-96.6921035748481,33.9982709693246],[-96.6920925752374,33.9982709693251],[-96.6920595755059,33.9982709693266],[-96.6920485749958,33.9982709693271],[-96.6919765752544,33.9982709693304],[-96.691760575131,33.9982709693405],[-96.6917345748247,33.9982709693417],[-96.6916895754361,33.9982719693901],[-96.6916105753701,33.9982719693937]]]},"properties":{"PRECINCT":"6","PRECINCT_N":"Precinct 6","DIST_NAME":"Precinct 6"}},{"type":"Feature","geometry":{"type":"Polygon","coordinates":[[[-96.7093115844416,34.0708399820767],[-96.7090945842718,34.0708389820404],[-96.7090875838471,34.0693489823021],[-96.7090865837854,34.0691209816385],[-96.7090825844353,34.0681689816282],[-96.7090715837304,34.0652679813125],[-96.709069583631,34.0651689812255],[-96.7090695836248,34.0650759814162],[-96.7090355832899,34.0567789794815],[-96.7090335831623,34.0562599797338],[-96.6993695811078,34.0562869796344],[-96.6919905788882,34.056306980004],[-96.6913015784156,34.056309980175],[-96.6846315766972,34.056337980882],[-96.6773595749429,34.0563679808102],[-96.6762535749147,34.0563059815883],[-96.6762145749048,34.0563049815439],[-96.6758755744732,34.0562959811429],[-96.6755355748946,34.0562879807883],[-96.67551957505,34.0562569811524],[-96.675466574381,34.0561089814971],[-96.6754335746395,34.0559599808952],[-96.6754265743005,34.0557459808799],[-96.6755525747262,34.0554329807714],[-96.6755595750394,34.055262980994],[-96.6755065743783,34.0552299812672],[-96.6753215747881,34.0551579806402],[-96.6752485749994,34.0551419808021],[-96.6751695749334,34.0551419808058],[-96.6751165742804,34.0552299812853],[-96.6750705748482,34.0552729805804],[-96.6751035745952,34.0555039813815],[-96.6751235746407,34.0557629807818],[-96.6750905749341,34.056135980966],[-96.6751045746891,34.0562129809331],[-96.6744985744675,34.0562079816291],[-96.6744695749214,34.0562079816305],[-96.6738345742543,34.0562029814285],[-96.6729545739176,34.0561959811453],[-96.6726805738025,34.0561929810191],[-96.6720755736273,34.0561889817613],[-96.6720505742652,34.0561659815969],[-96.671941573701,34.0560699816538],[-96.6715915736504,34.0559379809544],[-96.6713205736735,34.0559209810793],[-96.6710635734472,34.055915981759],[-96.6709505736011,34.0558829811357],[-96.6706605736325,34.0557179816036],[-96.67040957367,34.0554979813219],[-96.670185573158,34.0552339808003],[-96.6701255730663,34.0551239811061],[-96.6701585736884,34.0549929813345],[-96.6704755730753,34.0546349809323],[-96.6707995736824,34.0542229807275],[-96.670919573841,34.0540759811104],[-96.6709975738543,34.0539819812512],[-96.6712085737356,34.0538279813058],[-96.6712815735126,34.053667981089],[-96.6712555731963,34.0535199805331],[-96.6711495736727,34.0534539810796],[-96.6710375738725,34.053415981124],[-96.6709185737504,34.0534159811296],[-96.6708525733883,34.0534209804648],[-96.6707535732998,34.053503980715],[-96.6707135732473,34.0535589805653],[-96.6706805735316,34.0537949807018],[-96.6706215735026,34.0539269805208],[-96.6702385728627,34.0544159806962],[-96.6697765730613,34.0549809807966],[-96.6696705735435,34.0550029809208],[-96.6695645731227,34.0549699811965],[-96.6694525733218,34.054920981631],[-96.6693205734834,34.0547289808415],[-96.6692285728113,34.0546789812288],[-96.6688325733105,34.0543219809059],[-96.6686865728309,34.0542499811763],[-96.6685745730319,34.0542279810623],[-96.6684295726002,34.0541789814983],[-96.6682975727723,34.0541459808759],[-96.6681195726057,34.0540469807971],[-96.667960572419,34.0539209812659],[-96.6678425723325,34.0537609810581],[-96.6678095725866,34.0535469810439],[-96.6679325728824,34.0533709809834],[-96.6682185726273,34.0529649810582],[-96.6684295724996,34.0526789803971],[-96.6685025731745,34.0524979810067],[-96.6686945730777,34.0523989809107],[-96.6688195725729,34.0523109804278],[-96.668984573019,34.0521569804845],[-96.6690705724992,34.051991980935],[-96.6690635730647,34.0518549808875],[-96.6689455729834,34.0517719806474],[-96.6687665727745,34.0517339806949],[-96.6686345729482,34.0517229810911],[-96.6685225722543,34.0517669804355],[-96.6684765728266,34.0518769810341],[-96.6684165727652,34.052216980591],[-96.668304572975,34.0523269811925],[-96.6682055728898,34.0524589810134],[-96.6680145730374,34.0526239805679],[-96.6679085726331,34.0528379805884],[-96.6677825722007,34.0530519806099],[-96.6676445730044,34.0531729808226],[-96.6674525722026,34.0532829814279],[-96.6672875726465,34.0532999813233],[-96.6671425722162,34.053271980933],[-96.6670175727123,34.0532279807003],[-96.6669405727361,34.0531839813646],[-96.6669115722896,34.0531679806252],[-96.666753572147,34.0530079813184],[-96.6666475726244,34.0529589808533],[-96.6665945719595,34.052870981278],[-96.6664625721221,34.0526949812293],[-96.6664165717749,34.0525029813351],[-96.6664035720618,34.05235998101],[-96.6664895724438,34.0522329805219],[-96.6667735721025,34.0519259806839],[-96.666687572608,34.0518759810708],[-96.6665685724803,34.0517939808771],[-96.6664895724158,34.051815981],[-96.6660995723392,34.052133980453],[-96.6659345718887,34.0522219809378],[-96.6656905722678,34.0522549806783],[-96.6653675716764,34.0522109804548],[-96.6650835719967,34.0522059811358],[-96.6649535713694,34.0522779808781],[-96.6649475719645,34.0518899809005],[-96.6649425717066,34.0515019809229],[-96.664940571604,34.0513549804122],[-96.664928571886,34.0504459805943],[-96.6630685710741,34.0504619805222],[-96.6621455705431,34.0504699809354],[-96.6617035707097,34.0501389809192],[-96.6610835707042,34.0496259805785],[-96.6608655704759,34.0494459803486],[-96.6602525708021,34.0490399804651],[-96.6598365703839,34.0488309807003],[-96.6592615697907,34.0486709805136],[-96.6585295700157,34.0485779807383],[-96.6584105698936,34.0485779807438],[-96.6582715697456,34.0486109804795],[-96.6580145695266,34.04871498081],[-96.6579415697418,34.048758981052],[-96.6578625696744,34.0487369809364],[-96.6577835696058,34.048697980933],[-96.6577045695406,34.0487089805466],[-96.6576185700508,34.0487309806699],[-96.6575395699878,34.0487749809121],[-96.6574795699065,34.0488189802541],[-96.6574405698997,34.0488629804945],[-96.6574445700893,34.0489239806206],[-96.6575195699771,34.0490339803142],[-96.6575255693644,34.0491599807518],[-96.6574665693384,34.0493359808093],[-96.6574335696197,34.0495279807072],[-96.6574465693581,34.0500499805935],[-96.6573665701481,34.0500939808358],[-96.6572675700562,34.0501269805696],[-96.657261569761,34.0498739805472],[-96.6572945694717,34.0495609804429],[-96.6573735695174,34.0492589808459],[-96.6573605698061,34.0491429808717],[-96.6572885700556,34.0490059808272],[-96.6572615696948,34.0488849806221],[-96.6572685700058,34.0486819802161],[-96.6572025696414,34.0486539807214],[-96.6570905698417,34.0486209809974],[-96.6570445695003,34.0485169806809],[-96.6570965692114,34.0484839809492],[-96.6572485699633,34.0484669801551],[-96.6574205698458,34.0484779806564],[-96.6575595699971,34.0484949805378],[-96.6577635695641,34.0484949805283],[-96.6579155694123,34.0484129803219],[-96.6579555694578,34.0482529801067],[-96.6578895699884,34.0481599803005],[-96.6577835695683,34.0481379801861],[-96.657664569445,34.0481209803039],[-96.6575655693495,34.0480989801892],[-96.657486569281,34.0480609802321],[-96.6574205698112,34.0479619801481],[-96.6574135694797,34.0478579807291],[-96.6574205697921,34.0476759803962],[-96.657367569118,34.047450980773],[-96.6572695699546,34.0472259802526],[-96.6572695699505,34.0471649801263],[-96.6573945694497,34.0471379806691],[-96.6574865692147,34.047071980307],[-96.6576255693517,34.0468739801264],[-96.6577775691873,34.0466049802551],[-96.6577975692051,34.0464509803187],[-96.6576915696744,34.0462809805465],[-96.6574275691128,34.0461159801138],[-96.6573095690344,34.0460769801123],[-96.6570585690911,34.0461429804817],[-96.6569395689735,34.0462089799458],[-96.6568275691763,34.0462139801825],[-96.6567215696555,34.0461919800681],[-96.6566095689586,34.0461919800733],[-96.656503569439,34.0461869798467],[-96.656351569586,34.0461979803631],[-96.6564375690695,34.0460819803842],[-96.6567345693476,34.0460219802904],[-96.6568605688968,34.0460499797823],[-96.6569395689628,34.0460499797786],[-96.6570385690546,34.0460169800448],[-96.6571505697412,34.045862980104],[-96.6573955693989,34.0456869800378],[-96.6574805697393,34.0456319801853],[-96.6575005697553,34.045450979898],[-96.6574475690856,34.045290979687],[-96.6574285690903,34.0450879801816],[-96.6574015696322,34.0450169795936],[-96.6575075691526,34.0450329803294],[-96.6576065692481,34.0450549795448],[-96.6576725696084,34.0450219798125],[-96.6576725696039,34.0449559803539],[-96.6575405697721,34.0448629796515],[-96.657434569345,34.0447369801179],[-96.6572765692039,34.0445989800311],[-96.6572545690811,34.0445709796351],[-96.6571715697218,34.0444619799881],[-96.6569865692331,34.0444009798704],[-96.6567155692488,34.0442749794451],[-96.6564125686719,34.044026979668],[-96.6556265690585,34.0434499799691],[-96.6550855691246,34.043021979963],[-96.654914568382,34.0429059799961],[-96.6548285688894,34.0428839798808],[-96.6547225684733,34.0429229798928],[-96.6545575689227,34.0430209799412],[-96.6544715685351,34.0430649792845],[-96.6544725685763,34.0429879793166],[-96.6545385689304,34.042861979775],[-96.6546305686924,34.0427519800737],[-96.6546375681074,34.0425979792384],[-96.6545315685797,34.0424719797048],[-96.6541295688095,34.0422459791523],[-96.6538125684765,34.0419059796128],[-96.653482568444,34.0416249792084],[-96.653574568212,34.0416029790848],[-96.6536075679399,34.041548979281],[-96.6535155681642,34.0414549794297],[-96.653423568387,34.0413399795055],[-96.6533445683152,34.041251979032],[-96.653284568214,34.0409989790121],[-96.6532185678441,34.0408889793181],[-96.6531395677771,34.0408729794803],[-96.6530535682902,34.0409379797958],[-96.6529945682609,34.0410649793834],[-96.6528885678459,34.0411199792368],[-96.6528025683514,34.0410699796238],[-96.6527835683605,34.0409329795768],[-96.6527765680164,34.0406419795937],[-96.652697567949,34.0406199794781],[-96.6525325674921,34.040613979208],[-96.652387567963,34.0406139792147],[-96.6524995677543,34.0405209794003],[-96.6526915676487,34.0402899794879],[-96.6526585679028,34.0400759794739],[-96.652717567924,34.0398279787806],[-96.6528035682988,34.039591979541],[-96.6527705676543,34.0393889791369],[-96.652777567966,34.0391969792402],[-96.6529885678307,34.0387949786043],[-96.6532065680152,34.0383229792237],[-96.6533785678801,34.038069979193],[-96.6535505677409,34.0377569790823],[-96.6539395677572,34.0372299789459],[-96.6542505677686,34.0369219781609],[-96.654487567941,34.0365429785888],[-96.6545675680331,34.0362409780923],[-96.6544615684976,34.0359989785838],[-96.6542635683026,34.0358949782745],[-96.6541055681659,34.0358229785455],[-96.6536305677164,34.0357129779711],[-96.6534125674767,34.0353609787708],[-96.6532875679716,34.0353009786966],[-96.6532075678574,34.0352729783032],[-96.6531025674867,34.0352949784274],[-96.6530035673963,34.0353499782805],[-96.6528915676061,34.0354599779827],[-96.6527985677925,34.0354929786156],[-96.6525945673262,34.0354929786251],[-96.6524295677716,34.0355309785935],[-96.6522505675659,34.0355419782118],[-96.6516695676134,34.035673978055],[-96.6513795676661,34.0358279789034],[-96.6513065669865,34.0359379786039],[-96.6512475669577,34.0360749786545],[-96.6512935673101,34.0363439785165],[-96.6512015675429,34.03637697825],[-96.6511355671782,34.0363439785238],[-96.651055567059,34.036239978209],[-96.6509635672887,34.0362289786032],[-96.6508115674361,34.0362449784517],[-96.6505935672251,34.0363219784297],[-96.6503295666816,34.0364259787605],[-96.6499995666789,34.0365909783214],[-96.6496965670304,34.0367779788997],[-96.6495045671345,34.0369869786927],[-96.6494315664574,34.0371349792532],[-96.6493985667438,34.0374039791189],[-96.6493925664799,34.0376179791348],[-96.6491935671543,34.0377609785704],[-96.6490615664294,34.0377609785765],[-96.6489365669343,34.0378489790594],[-96.6488505665474,34.0379039789119],[-96.6488505665526,34.0379809788797],[-96.648916566919,34.0380409789566],[-96.6488765668681,34.0381179789263],[-96.6486985667041,34.0380579788546],[-96.6486925664203,34.0379749786093],[-96.6486925664123,34.0378549793485],[-96.648817566806,34.0377559792556],[-96.648883567164,34.0376899788948],[-96.6488645671789,34.0376399792786],[-96.6487715664557,34.0375189790766],[-96.6488645671436,34.0371129791603],[-96.6488255670867,34.0364089789425],[-96.648752566389,34.0362499787788],[-96.6488055670458,34.0362169790471],[-96.6489575668984,34.0362009782992],[-96.6491355670518,34.0361019791032],[-96.6492015665113,34.0360469783523],[-96.6494655670244,34.0354869784924],[-96.6495915665622,34.035343978161],[-96.6497165669496,34.0351519782588],[-96.6497495666683,34.0349589783146],[-96.6496175668284,34.0347449783051],[-96.6498625664975,34.0347389780159],[-96.650172566485,34.0347669783986],[-96.6505025673954,34.0347289784225],[-96.6508715674035,34.034497978502],[-96.6508325673907,34.0344539782653],[-96.6507535673215,34.0344049786982],[-96.6505745671173,34.0344369783895],[-96.6503905666772,34.0344099780472],[-96.6502645671272,34.034370978046],[-96.6500935663811,34.0342009782769],[-96.6498955670839,34.0340749778482],[-96.6497635663564,34.0340359778472],[-96.6493545662741,34.0339969778592],[-96.6492355661524,34.0340029781425],[-96.6491095666035,34.0339809780291],[-96.6488525663724,34.0339039780732],[-96.6487335662503,34.0339039780787],[-96.6486085667545,34.0339809780523],[-96.6485295666885,34.033980978056],[-96.6484635663227,34.033930978442],[-96.6485625664079,34.0337989786211],[-96.6488195666243,34.0336569783298],[-96.6489745666168,34.0336519780911],[-96.6490115665338,34.0336509780431],[-96.6492685667616,34.0336789784283],[-96.6494735663742,34.0336679779094],[-96.6498695667464,34.0336079778111],[-96.6499875668224,34.0336129780371],[-96.6501995667703,34.0337609785844],[-96.6502975668214,34.0338109781969],[-96.6504695667046,34.0338329783082],[-96.6506875669182,34.0337949783374],[-96.6507735673058,34.0337509780948],[-96.6508855670945,34.0336189782733],[-96.6509715665758,34.0334699776658],[-96.6511565670592,34.0334539778158],[-96.6513545672414,34.0333659782288],[-96.6514995667654,34.0332889782543],[-96.6516715675355,34.0331249778477],[-96.6517575670145,34.0329429784103],[-96.6517705667084,34.0327999780841],[-96.6518565670899,34.0326629780323],[-96.6522325674218,34.0324209776021],[-96.652430567593,34.0321689776165],[-96.6524505676044,34.0319209778244],[-96.6522925674579,34.0317019775846],[-96.6520945672635,34.0316079777382],[-96.6519295668037,34.0315589772758],[-96.6516985668837,34.031552977908],[-96.6514405666128,34.0315749780393],[-96.651361566545,34.0315469776459],[-96.6512295667117,34.0314319777235],[-96.6511375669353,34.0313279774091],[-96.6509725664788,34.0313279774168],[-96.6507145671098,34.0313879775088],[-96.6505895667146,34.0314649774824],[-96.6503715665088,34.0316189774281],[-96.6502725664261,34.0317889781091],[-96.6501665669178,34.0319539776596],[-96.6500085667918,34.032041978144],[-96.6497975669061,34.0321289776853],[-96.6496325664547,34.0322059776608],[-96.6486425664272,34.0324089781124],[-96.6484635662245,34.0324639779692],[-96.647968565762,34.0325789779207],[-96.6478365659393,34.0326229781654],[-96.647813565772,34.0326209780739],[-96.6476325663713,34.0326069783334],[-96.6474145661569,34.0326339777949],[-96.6472365659999,34.0326779780417],[-96.6470975658512,34.0326999781675],[-96.6469395657203,34.0327159780163],[-96.6464505655276,34.032704978429],[-96.6459885656887,34.0327109778288],[-96.6454745652382,34.0327319779257],[-96.6451305654772,34.0327709779487],[-96.6448995655612,34.0328259787073],[-96.6445305655447,34.0329299781436],[-96.6443125653388,34.0330839780893],[-96.6442135652499,34.0331599780155],[-96.6441405654758,34.0333639784708],[-96.644146564872,34.0336219787247],[-96.6440875648462,34.0338029781145],[-96.6439285655838,34.0340509788124],[-96.6438875654936,34.0342349783403],[-96.6438825652634,34.0342589785524],[-96.643829565506,34.0342919782841],[-96.643763565139,34.0342259788286],[-96.6438435652249,34.0338309785229],[-96.6437705654085,34.0334019784487],[-96.6435925652264,34.0330719784664],[-96.6434805654069,34.0327429785274],[-96.6431905645312,34.0324619781211],[-96.6429335651947,34.0323139784752],[-96.642735565004,34.0322749784773],[-96.641910564516,34.0322139783893],[-96.6417585646689,34.0323129784834],[-96.6416335642723,34.0323679783378],[-96.6415405644564,34.0323679783421],[-96.6414875646942,34.0323299783838],[-96.6414225643745,34.0322749785382],[-96.6414415643396,34.0320279778932],[-96.6414155640227,34.0318679785803],[-96.6412965647922,34.0317529786572],[-96.6409805645129,34.0315219778691],[-96.6405255640753,34.0311699777804],[-96.6401295636752,34.0308129783569],[-96.6398395636971,34.0305049784991],[-96.6396285637967,34.0303729777932],[-96.6394965639689,34.03033997807],[-96.6390735641349,34.0302739777319],[-96.6389155639953,34.0301579777643],[-96.6389025633873,34.0300809777971],[-96.639073564107,34.0298559781635],[-96.6391535633211,34.0298729780476],[-96.6392525634129,34.0298399783137],[-96.6396685637911,34.0294499782239],[-96.639687563764,34.0293179775074],[-96.63966156344,34.0290539778759],[-96.6395895636829,34.0288179777443],[-96.6394775638669,34.0285429776075],[-96.6394445641167,34.0282629772356],[-96.6393455640028,34.0279659778782],[-96.6393395637017,34.0276249773787],[-96.6391805635091,34.0274109773704],[-96.6390165630813,34.0271469777453],[-96.6385605634971,34.0268009770351],[-96.6381385636901,34.0264439776128],[-96.6377235633134,34.0261629772122],[-96.6374595627525,34.0260089772888],[-96.6373535632317,34.0259869771744],[-96.6372015633785,34.0259929774593],[-96.6371225633147,34.0260259771922],[-96.636971562604,34.0259649770729],[-96.6368525624712,34.0258059769113],[-96.6367665629601,34.0255089775533],[-96.6366545631424,34.0252069770657],[-96.6365165630297,34.0250739772095],[-96.6364835623966,34.0250419775281],[-96.6362595627887,34.0248489775958],[-96.6360545622701,34.0247609771282],[-96.6359355621465,34.0247389770144],[-96.6358565629759,34.024678976938],[-96.6358435623686,34.0246129774801],[-96.6357245622318,34.0243929771922],[-96.6355995627201,34.0242339770308],[-96.6353155621261,34.0240029771406],[-96.6351835622982,34.0239699774175],[-96.6350515624678,34.0238979767879],[-96.634972562392,34.0237499771338],[-96.6348875620348,34.023556977195],[-96.634867561987,34.023260976981],[-96.6347885619089,34.0230789766519],[-96.6346305617686,34.0229529771207],[-96.6344855622354,34.0228919770011],[-96.6342215616687,34.0226509766469],[-96.6340895618338,34.0225129765589],[-96.6340495617692,34.0223869770222],[-96.6339705616981,34.0223099770581],[-96.6339045622332,34.022281976664],[-96.6337865621482,34.0221449766216],[-96.6337335614811,34.0220239764177],[-96.6337265620375,34.0217489771754],[-96.6336745614194,34.0216669769785],[-96.6335945622078,34.0216889771014],[-96.6335715620425,34.0217169766003],[-96.6328975613144,34.0209459769071],[-96.6322225614392,34.0201739762683],[-96.6315865606774,34.0194459767656],[-96.6281525603595,34.0155169757756],[-96.6257615590058,34.0125279750917],[-96.6238785587677,34.0101739750065],[-96.6244025587814,34.0101339749289],[-96.6246745587856,34.0098649750521],[-96.6248105587876,34.0097299750905],[-96.6249495588796,34.00885797518],[-96.6248875586172,34.0075769743283],[-96.624884558474,34.0075159742021],[-96.6247915585816,34.0063689741602],[-96.6247555586477,34.0054229744287],[-96.6242445582341,34.0039119737408],[-96.6233075578534,34.002423973238],[-96.6227655578736,34.0020029735559],[-96.62213555743,34.0018739739076],[-96.6216805569954,34.001565973158],[-96.6212815573438,34.0010309735869],[-96.621411557075,34.0010069733691],[-96.6223665572799,34.000827973131],[-96.6244765579704,34.0004689734988],[-96.6252145580085,34.000335973602],[-96.6252305578509,34.0003329734623],[-96.6261385585753,34.0001679729754],[-96.6270365588361,34.0000049725814],[-96.6272375582612,33.9999629733255],[-96.6286025585851,33.9996799727499],[-96.6292225594472,33.9995529731364],[-96.6327095601171,33.9988869727161],[-96.6333795605998,33.9987599722009],[-96.6340805607211,33.9986319725373],[-96.6342645602578,33.9985979727532],[-96.6344345600449,33.998568972302],[-96.6344725600079,33.9985629720224],[-96.6352915602045,33.998426971983],[-96.6354985608073,33.9983879719663],[-96.6358525610302,33.9983229725377],[-96.636580560604,33.9981809722246],[-96.6367555606227,33.998146972441],[-96.6377465615991,33.9979919724132],[-96.6384325610287,33.9979199717458],[-96.6387845611605,33.9978799716762],[-96.6395225621012,33.9977969722957],[-96.6401775618916,33.9977199722976],[-96.6410035624155,33.9976239723112],[-96.6419155624306,33.9975289714677],[-96.6421445622562,33.9975089714304],[-96.6428025621872,33.9974549715978],[-96.643013562977,33.9974379717002],[-96.6430935621898,33.9974349715576],[-96.6436215623904,33.9974169715991],[-96.6437495629295,33.997412971408],[-96.6447185628971,33.9974269720114],[-96.6460815631489,33.9974539713997],[-96.6469025634484,33.9974709712495],[-96.6480655634196,33.9975009716853],[-96.6484005636657,33.9975099711872],[-96.6488535639879,33.9975229717681],[-96.6491775637237,33.9975279719847],[-96.6493415641341,33.9975319712629],[-96.6493645643013,33.9975319712619],[-96.6495495638867,33.9975349713922],[-96.6497355644179,33.9975389715688],[-96.6515775643984,33.9975719712128],[-96.6518005648467,33.9975759713877],[-96.652774565047,33.9976039717397],[-96.6528965653081,33.9976029716877],[-96.6534735650838,33.9975989714758],[-96.6543955655669,33.9975689709435],[-96.6544725655399,33.9975659717003],[-96.654849565933,33.9975469717025],[-96.6562115661322,33.9974799712353],[-96.6566665656454,33.997457971095],[-96.6577015659715,33.9974129707622],[-96.6582275660784,33.9973819711012],[-96.6584885664888,33.9973669712939],[-96.6593235665346,33.9973309713871],[-96.6596375667045,33.9973139705855],[-96.6599395672173,33.9972969706837],[-96.6600825666533,33.9972919713449],[-96.6603625670458,33.9972809708227],[-96.6614335672426,33.9972379705809],[-96.6618665675349,33.9972249708582],[-96.6626505679131,33.9971789704908],[-96.6629145675635,33.9971669708223],[-96.6634085679859,33.9971449706801],[-96.6643215680503,33.9970949710209],[-96.6644765680425,33.9970869706432],[-96.6651105677619,33.9970619703557],[-96.6652195683193,33.9970579710648],[-96.665630568492,33.997062970378],[-96.6661295682495,33.9970789710957],[-96.666532568951,33.9970919707796],[-96.6669475684108,33.9971119707871],[-96.667342568743,33.9971469705906],[-96.6676945688805,33.9971929709055],[-96.6689505695817,33.9974469709164],[-96.6706475700565,33.9978339707694],[-96.6710095697606,33.9979119707668],[-96.6713995698641,33.9979969701876],[-96.6717945701991,33.9980739710365],[-96.6721065702806,33.9981229705927],[-96.6726395698192,33.9981879708796],[-96.6728715697871,33.9982159703666],[-96.6732785706746,33.9982359703744],[-96.6739445700816,33.9982479708992],[-96.6748235703712,33.9982449707196],[-96.6836615727979,33.9982579700129],[-96.6839745729226,33.9982589700448],[-96.6846165730145,33.9982579699687],[-96.6850525734468,33.9982589699949],[-96.6872075735498,33.9982639701265],[-96.6873155740612,33.9982649701678],[-96.6879135739117,33.9982669702327],[-96.6882865741206,33.9982669702155],[-96.6884225741317,33.9982679702555],[-96.6886865746823,33.9982679702432],[-96.6889965746679,33.9982689702752],[-96.6893655746913,33.9982699694051],[-96.6907425746911,33.9982719694339],[-96.6909315744619,33.9982719694252],[-96.6914995747197,33.9982719693989],[-96.6916105753701,33.9982719693937],[-96.6916055751546,33.998514969853],[-96.6915415751028,34.0017799699391],[-96.6915365748869,34.0020189702132],[-96.6929795752489,34.0020169700537],[-96.6967795769857,34.0020049702214],[-96.6994665774757,34.0020079702358],[-96.7089875800943,34.0019939700458],[-96.710164579813,34.001992969945],[-96.7110475802881,34.0019919698578],[-96.7110305805146,34.003719969825],[-96.714294580782,34.0037499692641],[-96.7142915816635,34.0055639696153],[-96.7154995819213,34.0055779702075],[-96.7155015819683,34.0048929699683],[-96.7167305814012,34.0049049695676],[-96.7167315814574,34.0050519700783],[-96.7167465822667,34.0067549697859],[-96.7167475823204,34.006863970336],[-96.7167495824249,34.0070399703908],[-96.7167545817936,34.007581970304],[-96.7167295824529,34.0078789705664],[-96.7176555822244,34.0078839698557],[-96.718669582482,34.0079329702787],[-96.718714582838,34.0089509706451],[-96.7187435824271,34.0095939707369],[-96.7201575832469,34.0096519706588],[-96.7241995836261,34.0098149699243],[-96.7262325843722,34.0098969700294],[-96.726233584432,34.0100989703887],[-96.7262365846118,34.0107069706598],[-96.7262375846717,34.0109099701661],[-96.7262385847433,34.011286970534],[-96.7262435850361,34.0121979704447],[-96.7262425850045,34.0124189707845],[-96.7262415849834,34.0127969711987],[-96.726239584985,34.0142079708773],[-96.7262355850828,34.0184419717579],[-96.7262355851772,34.0198539723819],[-96.7262345852392,34.0214729726976],[-96.7262245857447,34.0225169724716],[-96.7262275850935,34.02414597325],[-96.7262685852471,34.0249089726019],[-96.7263215859439,34.0254739735778],[-96.7264095855669,34.0260569735868],[-96.7265015853726,34.026598973496],[-96.7264115857035,34.0267129733823],[-96.7263795860212,34.0267559735761],[-96.7262995859165,34.0268689734158],[-96.7262405858882,34.0270129737904],[-96.7262255860996,34.027125973627],[-96.7262265861536,34.0272409735555],[-96.7262765857874,34.027437973681],[-96.7262815860205,34.0274569736611],[-96.7263215860849,34.0275799739582],[-96.7263965859759,34.0277379731762],[-96.7264975861757,34.0279319731604],[-96.7263485855666,34.028003973803],[-96.7262625860806,34.0280819738211],[-96.7262595859471,34.0281649740668],[-96.7262885855522,34.029046973533],[-96.7262765859137,34.0293239737681],[-96.72627058565,34.0295409739228],[-96.7262555859001,34.0302329735873],[-96.7262455863886,34.0310229741917],[-96.7262425862709,34.0313429746186],[-96.7262465864681,34.031517974627],[-96.7262545859644,34.0318849745315],[-96.7262545859818,34.0321449739789],[-96.7262545860604,34.0333189743754],[-96.7262555861421,34.0338459744936],[-96.7262595866118,34.0380889757901],[-96.7262665860697,34.0385749758084],[-96.7262685861726,34.038725975605],[-96.7262715863214,34.0388709760231],[-96.7262705863321,34.039721975854],[-96.726263586939,34.0402019755951],[-96.726258586729,34.0405279762999],[-96.7262435869771,34.041189976374],[-96.7262425869811,34.0419419761178],[-96.7262305864583,34.0424439759785],[-96.7262125865767,34.0432439761469],[-96.7262095864878,34.0439929766512],[-96.7261985869103,34.0444899762803],[-96.7262115866366,34.0448299767331],[-96.7262505866797,34.0453269763598],[-96.7262925868502,34.0456489768772],[-96.7263385872303,34.0463309769752],[-96.7263435874764,34.0465439769442],[-96.7263535870928,34.0473189768531],[-96.7263515870311,34.0477819776056],[-96.7263485869192,34.0481869774713],[-96.7263455868254,34.0488629772937],[-96.7263245877034,34.0496559780374],[-96.7263055868525,34.0501039780961],[-96.724544587028,34.0500259781638],[-96.7193155855625,34.0497979777431],[-96.7192625858025,34.0497939775604],[-96.7185315851782,34.0497519783478],[-96.7181815851344,34.049720977828],[-96.7176945850307,34.0496519782532],[-96.7175115846366,34.0496179775869],[-96.7175225854201,34.0536949783918],[-96.7175445860782,34.0617009803436],[-96.7175485863013,34.0622599801446],[-96.7175485863033,34.0622889805879],[-96.7175505856078,34.0639449808176],[-96.7175495855713,34.0640919804291],[-96.7175485864342,34.06423898094],[-96.7175535858801,34.0659279808987],[-96.717560586326,34.0677339817779],[-96.7175665867568,34.0700059817496],[-96.7175695860542,34.070862981858],[-96.7154255855619,34.07085698168],[-96.7093115844416,34.0708399820767]]]},"properties":{"PRECINCT":"7","PRECINCT_N":"Precinct 7","DIST_NAME":"Precinct 7"}},{"type":"Feature","geometry":{"type":"Polygon","coordinates":[[[-96.6779885650593,33.9022339526099],[-96.6876545672823,33.9033599521383],[-96.6936265695896,33.9120909541142],[-96.6969475711441,33.9187969550839],[-96.6974525713657,33.9216199553645],[-96.6979015716675,33.92412295612],[-96.6979515713065,33.9244019555457],[-96.698001571845,33.9246819559169],[-96.6979055718897,33.9246759556436],[-96.6967635710915,33.9246099562377],[-96.6956205711463,33.9245449559788],[-96.6956295706657,33.9245649560051],[-96.6955835712423,33.9247409560622],[-96.69548457116,33.9249169561217],[-96.6953255709912,33.9250599564547],[-96.6948905706196,33.9252739564904],[-96.6947925705741,33.9253069562242],[-96.6946405707212,33.9253179558412],[-96.694541570625,33.9252849561166],[-96.6944695708803,33.9252349565028],[-96.6941195708393,33.9252459561289],[-96.6938895709636,33.9252079561788],[-96.6937505708134,33.9252079561852],[-96.6938295708838,33.9252739565394],[-96.694020570756,33.9254059563469],[-96.6942845704159,33.9255379561511],[-96.6943835705165,33.9256369562337],[-96.6944565712081,33.925706955874],[-96.6951865708932,33.9258459559808],[-96.6953805709052,33.9259879562513],[-96.6956915709576,33.9262979562009],[-96.6958245708493,33.9265949564561],[-96.6961095715035,33.9270359561769],[-96.696143571304,33.9273769566752],[-96.6959535715028,33.9276159560586],[-96.6959265711741,33.9279759565401],[-96.6957575714661,33.9284979564349],[-96.6956335711213,33.9286349564885],[-96.6955865716501,33.9287899564726],[-96.6952985709048,33.929071956952],[-96.6952015709241,33.9293819569204],[-96.6952025709919,33.9297039565406],[-96.6949505710395,33.9303319568504],[-96.6949685709974,33.9306709572569],[-96.6949505710797,33.9309379570294],[-96.6951605718254,33.9309559569538],[-96.6955535711596,33.9309049572723],[-96.6959815712125,33.9307779567683],[-96.6959715716501,33.9308079572585],[-96.6959585719515,33.930881957088],[-96.6959565718646,33.9309699566659],[-96.6959605720534,33.9310199571821],[-96.6959665714358,33.9310729569378],[-96.6959685715323,33.9311289568325],[-96.6959675714899,33.9311889569126],[-96.6959415711972,33.9313939574121],[-96.6959225712206,33.9314709573808],[-96.6958995719582,33.9315529575812],[-96.6958755717502,33.931636956975],[-96.6957835719988,33.9319079569361],[-96.6957415718562,33.9320019576929],[-96.6956005716321,33.9322859573588],[-96.6955475718786,33.9323789571706],[-96.6953505717542,33.9326389575265],[-96.6952675715076,33.9327109572667],[-96.6949535713447,33.9328329575338],[-96.6948285718441,33.9328389578174],[-96.694426571188,33.9328119574852],[-96.6942745713334,33.932796957697],[-96.6938175708216,33.9327199577503],[-96.6937205708186,33.9326939574503],[-96.693578571425,33.9326399576546],[-96.6934235714266,33.9325549573235],[-96.6932545707794,33.9324749572245],[-96.693045570975,33.9323909578416],[-96.6927435704543,33.9322879575832],[-96.6925265711802,33.9322329577447],[-96.6923495710649,33.9322069574484],[-96.692310571055,33.9322059574039],[-96.6923325711701,33.9321199570183],[-96.6924335704534,33.9320569576941],[-96.6924845710171,33.9320199577772],[-96.6926155707902,33.9319269570625],[-96.6926825711972,33.931899957608],[-96.6927995712215,33.9318239576811],[-96.6929135711091,33.9317839576225],[-96.6929635707287,33.931769956972],[-96.6930275709968,33.9317449576101],[-96.6931085711552,33.9317409574212],[-96.6932255711855,33.931755957211],[-96.693494571071,33.931792957113],[-96.6935115709503,33.931646957547],[-96.6935105708996,33.9315819572355],[-96.6934395711945,33.9314289573494],[-96.6934245713955,33.9313869572041],[-96.693426570588,33.9313739575015],[-96.6934315708185,33.9313539574746],[-96.6934515708445,33.9313229569376],[-96.6935025714072,33.931268957133],[-96.6936375713646,33.9311589574297],[-96.6936915711672,33.9311079568645],[-96.6937405707366,33.931035957126],[-96.6937575706221,33.9309839574155],[-96.6937905712416,33.9308129575906],[-96.6938065710752,33.9306779567353],[-96.6938495712638,33.9305769574529],[-96.6939185708585,33.9304629566681],[-96.693963571144,33.9304249567053],[-96.6940175709481,33.930396957205],[-96.6940535708154,33.9303459566407],[-96.6940555709045,33.930290956792],[-96.694059571086,33.9302309567118],[-96.6940465713763,33.9301369568568],[-96.6940255712985,33.9300869572407],[-96.6939835711463,33.9300369567263],[-96.6938705712946,33.9299199567103],[-96.6937595706459,33.9299459570199],[-96.6936455707557,33.9299469570715],[-96.6936275708205,33.9299479571186],[-96.6929635706071,33.9299379566863],[-96.6927365708728,33.9299349574572],[-96.6925355705457,33.9299359566134],[-96.6923745702748,33.9299369566671],[-96.6919325704632,33.9299299572627],[-96.6917325701823,33.9299279571793],[-96.6917345702859,33.9300909575316],[-96.6917385704826,33.9302599572622],[-96.6917365704112,33.9305829569289],[-96.6917355703758,33.9307479573739],[-96.6917345703527,33.9310979573911],[-96.6917315702833,33.9321479574431],[-96.6917315702872,33.9322069574769],[-96.6917305702603,33.9324989575068],[-96.6917355705223,33.9329539578887],[-96.6917475711477,33.9339919573844],[-96.6917445710305,33.9343219582744],[-96.6917415709217,33.93477895785],[-96.6917395708469,33.9350489577607],[-96.6917345706688,33.9358579583455],[-96.6917335706404,33.9361289583024],[-96.6917335706583,33.9363989582129],[-96.6917365708512,33.9372089588438],[-96.6917375709156,33.9374799588006],[-96.6917355708455,33.9378209584012],[-96.6917325707743,33.9388429589554],[-96.6917315707507,33.9391849586023],[-96.6917315707567,33.9392759592184],[-96.6917315707749,33.9395499584148],[-96.691731570781,33.9396419590771],[-96.6917345709877,33.9406589593995],[-96.6917355710492,33.9408859591177],[-96.6917375711884,33.9415859591521],[-96.6917265717042,33.9434899591746],[-96.6917255716724,33.9437089594218],[-96.69172557174,33.9447269597906],[-96.6917265718113,33.9451019600661],[-96.6917285720554,33.9473789602707],[-96.6917145715457,33.9494769602822],[-96.6917085722378,33.9505439611214],[-96.6917155716984,33.9510749614247],[-96.6917175718399,33.9518079611884],[-96.6917105715799,33.9527809612726],[-96.6917055722924,33.9534569610955],[-96.6917015722573,33.9557179614589],[-96.6917005722622,33.9564889620827],[-96.6917045726381,33.9593509623932],[-96.691683572855,33.9637269635551],[-96.6916635731081,33.9679509639747],[-96.6916715726148,33.9684779640927],[-96.6916605730408,33.9690299644699],[-96.6916615731017,33.9692469646244],[-96.6916285733701,33.9692469646259],[-96.6915525734424,33.9692339640275],[-96.6911845725664,33.969238964276],[-96.6893145721898,33.9692459646866],[-96.6878485716605,33.9692439646618],[-96.6875075720366,33.9692519641486],[-96.6870475722902,33.9692539642625],[-96.6855095711208,33.9692619647039],[-96.6845045712835,33.9692599646578],[-96.6837705714221,33.9692589646455],[-96.6834545711584,33.9692589646601],[-96.6831925707006,33.9692589646722],[-96.6823785707268,33.9692569646172],[-96.6805405700354,33.9692639650263],[-96.6800725699178,33.9692619649553],[-96.6790605697558,33.9692579648169],[-96.6787145698997,33.9692599649255],[-96.6768785693012,33.9692699654734],[-96.6767125696978,33.969270964628],[-96.6743365683404,33.9692689655446],[-96.6743285688931,33.9696349654036],[-96.6743285689174,33.9699989651698],[-96.6743285689711,33.9708059656617],[-96.6743285690033,33.9712899655879],[-96.6742925693677,33.9748199662516],[-96.6742925694076,33.9754189661064],[-96.6742935694695,33.9756509660561],[-96.6743005689377,33.9762949661954],[-96.6743085693527,33.9769569662687],[-96.6743115695094,33.9772209668007],[-96.6742915696051,33.9790779673452],[-96.6742795690666,33.9793479672563],[-96.6742725696531,33.9795239673115],[-96.6742705695634,33.9795699667434],[-96.6742575689803,33.979865966959],[-96.6742775690094,33.9798799667069],[-96.6742605691446,33.9802439673732],[-96.6742485695141,33.9806429669617],[-96.6742615692349,33.9809019672616],[-96.6742645693998,33.9812899672395],[-96.6742505697461,33.982731967455],[-96.6742355699783,33.9831579673944],[-96.6742505697873,33.9833509673364],[-96.6742355700224,33.983819967468],[-96.6742315698733,33.9843669676134],[-96.6742295698368,33.9852099679736],[-96.6742275697879,33.9858679678621],[-96.6742315699744,33.9858829685564],[-96.6742405695504,33.9867519683213],[-96.674238569527,33.987790968763],[-96.6742285700303,33.9888059689933],[-96.6742315702029,33.9893089688997],[-96.6742445700441,33.9913739691805],[-96.6742235701358,33.9938629693089],[-96.67421557073,33.9948509700876],[-96.6742365699208,33.9950859701753],[-96.674258570051,33.995225970361],[-96.6743115707195,33.9953689697849],[-96.6747165706925,33.9965499704871],[-96.6749365710382,33.9971029700005],[-96.6748815703352,33.9978319704808],[-96.6748525708026,33.9980349708878],[-96.6748425703437,33.9981069706246],[-96.6748235703712,33.9982449707196],[-96.6739445700816,33.9982479708992],[-96.6732785706746,33.9982359703744],[-96.6728715697871,33.9982159703666],[-96.6726395698192,33.9981879708796],[-96.6721065702806,33.9981229705927],[-96.6717945701991,33.9980739710365],[-96.6713995698641,33.9979969701876],[-96.6710095697606,33.9979119707668],[-96.6706475700565,33.9978339707694],[-96.6689505695817,33.9974469709164],[-96.6676945688805,33.9971929709055],[-96.667342568743,33.9971469705906],[-96.6669475684108,33.9971119707871],[-96.666532568951,33.9970919707796],[-96.6661295682495,33.9970789710957],[-96.665630568492,33.997062970378],[-96.6652195683193,33.9970579710648],[-96.6651105677619,33.9970619703557],[-96.6644765680425,33.9970869706432],[-96.6643215680503,33.9970949710209],[-96.6634085679859,33.9971449706801],[-96.6629145675635,33.9971669708223],[-96.6626505679131,33.9971789704908],[-96.6618665675349,33.9972249708582],[-96.6614335672426,33.9972379705809],[-96.6603625670458,33.9972809708227],[-96.6600825666533,33.9972919713449],[-96.6599395672173,33.9972969706837],[-96.6596375667045,33.9973139705855],[-96.6593235665346,33.9973309713871],[-96.6584885664888,33.9973669712939],[-96.6582275660784,33.9973819711012],[-96.6577015659715,33.9974129707622],[-96.6566665656454,33.997457971095],[-96.6562115661322,33.9974799712353],[-96.654849565933,33.9975469717025],[-96.6544725655399,33.9975659717003],[-96.6543955655669,33.9975689709435],[-96.6534735650838,33.9975989714758],[-96.6528965653081,33.9976029716877],[-96.652774565047,33.9976039717397],[-96.6518005648467,33.9975759713877],[-96.6515775643984,33.9975719712128],[-96.6497355644179,33.9975389715688],[-96.6495495638867,33.9975349713922],[-96.6493645643013,33.9975319712619],[-96.6493415641341,33.9975319712629],[-96.6491775637237,33.9975279719847],[-96.6488535639879,33.9975229717681],[-96.6484005636657,33.9975099711872],[-96.6480655634196,33.9975009716853],[-96.6469025634484,33.9974709712495],[-96.6460815631489,33.9974539713997],[-96.6447185628971,33.9974269720114],[-96.6437495629295,33.997412971408],[-96.6436215623904,33.9974169715991],[-96.6430935621898,33.9974349715576],[-96.643013562977,33.9974379717002],[-96.6428025621872,33.9974549715978],[-96.6421445622562,33.9975089714304],[-96.6419155624306,33.9975289714677],[-96.6410035624155,33.9976239723112],[-96.6401775618916,33.9977199722976],[-96.6395225621012,33.9977969722957],[-96.6387845611605,33.9978799716762],[-96.6384325610287,33.9979199717458],[-96.6377465615991,33.9979919724132],[-96.6367555606227,33.998146972441],[-96.636580560604,33.9981809722246],[-96.6358525610302,33.9983229725377],[-96.6354985608073,33.9983879719663],[-96.6352915602045,33.998426971983],[-96.6344725600079,33.9985629720224],[-96.6344345600449,33.998568972302],[-96.6342645602578,33.9985979727532],[-96.6340805607211,33.9986319725373],[-96.6333795605998,33.9987599722009],[-96.6327095601171,33.9988869727161],[-96.6292225594472,33.9995529731364],[-96.6286025585851,33.9996799727499],[-96.6272375582612,33.9999629733255],[-96.6270365588361,34.0000049725814],[-96.6261385585753,34.0001679729754],[-96.6252305578509,34.0003329734623],[-96.6252145580085,34.000335973602],[-96.6244765579704,34.0004689734988],[-96.6223665572799,34.000827973131],[-96.621411557075,34.0010069733691],[-96.6212815573438,34.0010309735869],[-96.6209565575324,34.0005879737754],[-96.6207735571082,34.0001039729584],[-96.6199465564883,33.9994549735248],[-96.616233555976,33.997806972937],[-96.6153265552647,33.9974719727569],[-96.6143235554901,33.9970229726989],[-96.6137435546226,33.9962279727893],[-96.6130835544622,33.9942339722282],[-96.6131105547645,33.9934779722976],[-96.6133765544371,33.9924069721605],[-96.6142725546014,33.9921869718255],[-96.6156495554973,33.9921359720985],[-96.6161115553226,33.9919249722003],[-96.6161865551628,33.9913209721106],[-96.6156455552185,33.9907349719833],[-96.6127245546108,33.9898579719826],[-96.6106495536126,33.988237971716],[-96.6097815538017,33.9877729718102],[-96.6088845535594,33.9875179717363],[-96.6078835530158,33.9876329717112],[-96.6037155522724,33.9887299723332],[-96.6030985515206,33.9884259717763],[-96.6027695515212,33.9879439719578],[-96.6029505517607,33.9870499719259],[-96.6039865520236,33.9853569717327],[-96.6055265523528,33.9848389710604],[-96.6066035528088,33.9845059708811],[-96.6072385525418,33.9839889711963],[-96.6073615528002,33.9832489711026],[-96.6067995527336,33.981945971054],[-96.6050235521233,33.9805189707161],[-96.6033655516475,33.9799759708327],[-96.6023825510098,33.9796479700808],[-96.6012085505461,33.97988397027],[-96.6003785506998,33.9794359702503],[-96.6001555502148,33.9788809706443],[-96.600162550465,33.9777629701416],[-96.5998415498868,33.976523970347],[-96.5993285503265,33.9757129696934],[-96.5982865496193,33.9749099694346],[-96.5962245493027,33.974472969981],[-96.5943655485389,33.9745179694524],[-96.5936715487058,33.9741009699623],[-96.5937075485229,33.9732959695611],[-96.5943505486051,33.9724499690322],[-96.5943395480425,33.9716609693739],[-96.5936535485654,33.9710189693584],[-96.5925845475388,33.9707159688686],[-96.588990547222,33.9701689688893],[-96.5879615463071,33.9707029693795],[-96.587077546742,33.9715659698073],[-96.586608546638,33.9724679702231],[-96.5860825466435,33.9741909699832],[-96.585881546348,33.9746669704477],[-96.5855925464406,33.9747239704022],[-96.5853035465176,33.9745469703143],[-96.5853975463274,33.9737589697981],[-96.5852125457758,33.9727529699933],[-96.5847095457735,33.9718449693447],[-96.5846975460559,33.9709359695264],[-96.5851735454781,33.9684239692105],[-96.5852095461775,33.9673619686012],[-96.5843695458407,33.9665109688085],[-96.5816125447411,33.9655949687928],[-96.5812665448772,33.9654809689264],[-96.5770175438306,33.9644119690901],[-96.5761975435438,33.9638909683878],[-96.5759345429498,33.9625399688007],[-96.5763735434068,33.9608169681451],[-96.5765815431364,33.960472968396],[-96.5778035430097,33.9584559675819],[-96.5795615434709,33.9566649673144],[-96.5818875441948,33.954945966757],[-96.5830425446801,33.9547579669925],[-96.5843035447076,33.9549159670552],[-96.5853915447948,33.9548899667005],[-96.5859385449119,33.9538899662403],[-96.5856075447696,33.9526519664923],[-96.5846225448642,33.9512059661372],[-96.5843605443546,33.9504259660078],[-96.5848315445744,33.949869965424],[-96.5853015447635,33.949550965921],[-96.5871285448635,33.9483109650815],[-96.5879075449932,33.9480109655446],[-96.5890355451947,33.9488619653241],[-96.5909185463298,33.9511909660516],[-96.5916705461485,33.951518965915],[-96.5922585464345,33.9515179658415],[-96.5930655469439,33.9509279654667],[-96.5936385464248,33.9492769654407],[-96.5936835466306,33.9480379647297],[-96.5939515464213,33.9473449650068],[-96.5953555467343,33.9467459650871],[-96.5961155468689,33.9462449643386],[-96.5964695470581,33.9456729648181],[-96.5965365474312,33.9451339641407],[-96.5958305469979,33.9440569637705],[-96.5922215457877,33.9405249640803],[-96.5920275457629,33.9401909639134],[-96.5912445453386,33.9388459637286],[-96.5907985452416,33.9373339629906],[-96.5909395453927,33.9359499627562],[-96.5915815454175,33.9349339624501],[-96.5923025455386,33.9343769627078],[-96.5929455456359,33.933755962704],[-96.5931655458925,33.9329669621356],[-96.5895525443946,33.9278899610582],[-96.5882895442061,33.92670196097],[-96.5858995430422,33.9258549614337],[-96.5840215431602,33.9253599610845],[-96.5820865424706,33.9254209612999],[-96.5810365423186,33.9250209617138],[-96.5806005418112,33.923887961436],[-96.5805985416807,33.9233179611251],[-96.5805965415149,33.9222149604178],[-96.5812295420068,33.92097296044],[-96.581574541772,33.9202979606475],[-96.583178542328,33.9191269603151],[-96.5845725421817,33.9185929598081],[-96.5874035430731,33.9188759601903],[-96.5891365434349,33.9195069596486],[-96.5904085439794,33.9197699600759],[-96.5909175441642,33.919236959656],[-96.5909835444819,33.91856095983],[-96.589690543806,33.9174379591554],[-96.5882355428457,33.9168129590628],[-96.5869525426324,33.9156739594455],[-96.5855475422405,33.9157819591147],[-96.5824985420819,33.9162479592474],[-96.5814205415538,33.9161939594947],[-96.5809565415712,33.9154309592622],[-96.5809815408268,33.9138449595728],[-96.5817515411979,33.909908958062],[-96.5817785415469,33.9098529581659],[-96.582537541566,33.9083049584034],[-96.5849875417533,33.9067139574716],[-96.5887465423979,33.9053209575531],[-96.5903415425511,33.9043679574221],[-96.5911175433857,33.9032309569033],[-96.5909995432285,33.90199995657],[-96.5892425425382,33.8996309557826],[-96.5872935419541,33.8975029562699],[-96.5871385419272,33.8969879558146],[-96.5873965412683,33.8965049559226],[-96.5885095415169,33.8949889549275],[-96.5888945422859,33.8950439556577],[-96.5921775425654,33.8955189550165],[-96.5998415445002,33.8953179552503],[-96.6042405461024,33.8948189544271],[-96.6063635465167,33.8947649545272],[-96.6082525468727,33.8947179540629],[-96.6101415472287,33.8946709544979],[-96.6148515488877,33.8945519541675],[-96.620684550488,33.8948589537244],[-96.6241005506268,33.8951469534121],[-96.6252805513668,33.8948819536786],[-96.6262245510467,33.8944769537693],[-96.6264115516187,33.8943979537002],[-96.6271245514019,33.89433995368],[-96.6283015520297,33.8944829530523],[-96.6301245520886,33.895427953555],[-96.6313995528236,33.8964699540774],[-96.6338675540837,33.8984849537299],[-96.6394065548923,33.9025839544031],[-96.644057556745,33.9059679552871],[-96.6460805570953,33.9070719550482],[-96.6477425577801,33.9079789546981],[-96.6522205588034,33.9113319550538],[-96.6522425589255,33.9113519550794],[-96.6532795594082,33.9122729554062],[-96.6543155598445,33.913193955733],[-96.6549915597542,33.9137949556494],[-96.6582145609528,33.9158469560805],[-96.6598765616312,33.916657955782],[-96.6599035610855,33.916671956429],[-96.6644175626964,33.9172729561686],[-96.6656525633011,33.9171979562364],[-96.6671945637406,33.9169459561888],[-96.6684375637733,33.9162119554221],[-96.6706255644211,33.9149199548565],[-96.6718565647694,33.9137739547996],[-96.6734565642189,33.9122839549862],[-96.6753135646828,33.9091199540966],[-96.6756095648677,33.9083529536441],[-96.6764085649083,33.906286953279],[-96.6766475651365,33.9053459528668],[-96.6779885650593,33.9022339526099]]]},"properties":{"PRECINCT":"8","PRECINCT_N":"Precinct 8","DIST_NAME":"Precinct 8"}},{"type":"Feature","geometry":{"type":"Polygon","coordinates":[[[-96.6238785587677,34.0101739750065],[-96.6257615590058,34.0125279750917],[-96.6281525603595,34.0155169757756],[-96.6315865606774,34.0194459767656],[-96.6322225614392,34.0201739762683],[-96.6328975613144,34.0209459769071],[-96.6335715620425,34.0217169766003],[-96.6335945622078,34.0216889771014],[-96.6336745614194,34.0216669769785],[-96.6337265620375,34.0217489771754],[-96.6337335614811,34.0220239764177],[-96.6337865621482,34.0221449766216],[-96.6339045622332,34.022281976664],[-96.6339705616981,34.0223099770581],[-96.6340495617692,34.0223869770222],[-96.6340895618338,34.0225129765589],[-96.6342215616687,34.0226509766469],[-96.6344855622354,34.0228919770011],[-96.6346305617686,34.0229529771207],[-96.6347885619089,34.0230789766519],[-96.634867561987,34.023260976981],[-96.6348875620348,34.023556977195],[-96.634972562392,34.0237499771338],[-96.6350515624678,34.0238979767879],[-96.6351835622982,34.0239699774175],[-96.6353155621261,34.0240029771406],[-96.6355995627201,34.0242339770308],[-96.6357245622318,34.0243929771922],[-96.6358435623686,34.0246129774801],[-96.6358565629759,34.024678976938],[-96.6359355621465,34.0247389770144],[-96.6360545622701,34.0247609771282],[-96.6362595627887,34.0248489775958],[-96.6364835623966,34.0250419775281],[-96.6365165630297,34.0250739772095],[-96.6366545631424,34.0252069770657],[-96.6367665629601,34.0255089775533],[-96.6368525624712,34.0258059769113],[-96.636971562604,34.0259649770729],[-96.6371225633147,34.0260259771922],[-96.6372015633785,34.0259929774593],[-96.6373535632317,34.0259869771744],[-96.6374595627525,34.0260089772888],[-96.6377235633134,34.0261629772122],[-96.6381385636901,34.0264439776128],[-96.6385605634971,34.0268009770351],[-96.6390165630813,34.0271469777453],[-96.6391805635091,34.0274109773704],[-96.6393395637017,34.0276249773787],[-96.6393455640028,34.0279659778782],[-96.6394445641167,34.0282629772356],[-96.6394775638669,34.0285429776075],[-96.6395895636829,34.0288179777443],[-96.63966156344,34.0290539778759],[-96.639687563764,34.0293179775074],[-96.6396685637911,34.0294499782239],[-96.6392525634129,34.0298399783137],[-96.6391535633211,34.0298729780476],[-96.639073564107,34.0298559781635],[-96.6389025633873,34.0300809777971],[-96.6389155639953,34.0301579777643],[-96.6390735641349,34.0302739777319],[-96.6394965639689,34.03033997807],[-96.6396285637967,34.0303729777932],[-96.6398395636971,34.0305049784991],[-96.6401295636752,34.0308129783569],[-96.6405255640753,34.0311699777804],[-96.6409805645129,34.0315219778691],[-96.6412965647922,34.0317529786572],[-96.6414155640227,34.0318679785803],[-96.6414415643396,34.0320279778932],[-96.6414225643745,34.0322749785382],[-96.6414875646942,34.0323299783838],[-96.6415405644564,34.0323679783421],[-96.6416335642723,34.0323679783378],[-96.6417585646689,34.0323129784834],[-96.641910564516,34.0322139783893],[-96.642735565004,34.0322749784773],[-96.6429335651947,34.0323139784752],[-96.6431905645312,34.0324619781211],[-96.6434805654069,34.0327429785274],[-96.6435925652264,34.0330719784664],[-96.6437705654085,34.0334019784487],[-96.6438435652249,34.0338309785229],[-96.643763565139,34.0342259788286],[-96.643829565506,34.0342919782841],[-96.6438825652634,34.0342589785524],[-96.6438875654936,34.0342349783403],[-96.6439285655838,34.0340509788124],[-96.6440875648462,34.0338029781145],[-96.644146564872,34.0336219787247],[-96.6441405654758,34.0333639784708],[-96.6442135652499,34.0331599780155],[-96.6443125653388,34.0330839780893],[-96.6445305655447,34.0329299781436],[-96.6448995655612,34.0328259787073],[-96.6451305654772,34.0327709779487],[-96.6454745652382,34.0327319779257],[-96.6459885656887,34.0327109778288],[-96.6464505655276,34.032704978429],[-96.6469395657203,34.0327159780163],[-96.6470975658512,34.0326999781675],[-96.6472365659999,34.0326779780417],[-96.6474145661569,34.0326339777949],[-96.6476325663713,34.0326069783334],[-96.647813565772,34.0326209780739],[-96.6478365659393,34.0326229781654],[-96.647968565762,34.0325789779207],[-96.6484635662245,34.0324639779692],[-96.6486425664272,34.0324089781124],[-96.6496325664547,34.0322059776608],[-96.6497975669061,34.0321289776853],[-96.6500085667918,34.032041978144],[-96.6501665669178,34.0319539776596],[-96.6502725664261,34.0317889781091],[-96.6503715665088,34.0316189774281],[-96.6505895667146,34.0314649774824],[-96.6507145671098,34.0313879775088],[-96.6509725664788,34.0313279774168],[-96.6511375669353,34.0313279774091],[-96.6512295667117,34.0314319777235],[-96.651361566545,34.0315469776459],[-96.6514405666128,34.0315749780393],[-96.6516985668837,34.031552977908],[-96.6519295668037,34.0315589772758],[-96.6520945672635,34.0316079777382],[-96.6522925674579,34.0317019775846],[-96.6524505676044,34.0319209778244],[-96.652430567593,34.0321689776165],[-96.6522325674218,34.0324209776021],[-96.6518565670899,34.0326629780323],[-96.6517705667084,34.0327999780841],[-96.6517575670145,34.0329429784103],[-96.6516715675355,34.0331249778477],[-96.6514995667654,34.0332889782543],[-96.6513545672414,34.0333659782288],[-96.6511565670592,34.0334539778158],[-96.6509715665758,34.0334699776658],[-96.6508855670945,34.0336189782733],[-96.6507735673058,34.0337509780948],[-96.6506875669182,34.0337949783374],[-96.6504695667046,34.0338329783082],[-96.6502975668214,34.0338109781969],[-96.6501995667703,34.0337609785844],[-96.6499875668224,34.0336129780371],[-96.6498695667464,34.0336079778111],[-96.6494735663742,34.0336679779094],[-96.6492685667616,34.0336789784283],[-96.6490115665338,34.0336509780431],[-96.6489745666168,34.0336519780911],[-96.6488195666243,34.0336569783298],[-96.6485625664079,34.0337989786211],[-96.6484635663227,34.033930978442],[-96.6485295666885,34.033980978056],[-96.6486085667545,34.0339809780523],[-96.6487335662503,34.0339039780787],[-96.6488525663724,34.0339039780732],[-96.6491095666035,34.0339809780291],[-96.6492355661524,34.0340029781425],[-96.6493545662741,34.0339969778592],[-96.6497635663564,34.0340359778472],[-96.6498955670839,34.0340749778482],[-96.6500935663811,34.0342009782769],[-96.6502645671272,34.034370978046],[-96.6503905666772,34.0344099780472],[-96.6505745671173,34.0344369783895],[-96.6507535673215,34.0344049786982],[-96.6508325673907,34.0344539782653],[-96.6508715674035,34.034497978502],[-96.6505025673954,34.0347289784225],[-96.650172566485,34.0347669783986],[-96.6498625664975,34.0347389780159],[-96.6496175668284,34.0347449783051],[-96.6497495666683,34.0349589783146],[-96.6497165669496,34.0351519782588],[-96.6495915665622,34.035343978161],[-96.6494655670244,34.0354869784924],[-96.6492015665113,34.0360469783523],[-96.6491355670518,34.0361019791032],[-96.6489575668984,34.0362009782992],[-96.6488055670458,34.0362169790471],[-96.648752566389,34.0362499787788],[-96.6488255670867,34.0364089789425],[-96.6488645671436,34.0371129791603],[-96.6487715664557,34.0375189790766],[-96.6488645671789,34.0376399792786],[-96.648883567164,34.0376899788948],[-96.648817566806,34.0377559792556],[-96.6486925664123,34.0378549793485],[-96.6486925664203,34.0379749786093],[-96.6486985667041,34.0380579788546],[-96.6488765668681,34.0381179789263],[-96.648916566919,34.0380409789566],[-96.6488505665526,34.0379809788797],[-96.6488505665474,34.0379039789119],[-96.6489365669343,34.0378489790594],[-96.6490615664294,34.0377609785765],[-96.6491935671543,34.0377609785704],[-96.6493925664799,34.0376179791348],[-96.6493985667438,34.0374039791189],[-96.6494315664574,34.0371349792532],[-96.6495045671345,34.0369869786927],[-96.6496965670304,34.0367779788997],[-96.6499995666789,34.0365909783214],[-96.6503295666816,34.0364259787605],[-96.6505935672251,34.0363219784297],[-96.6508115674361,34.0362449784517],[-96.6509635672887,34.0362289786032],[-96.651055567059,34.036239978209],[-96.6511355671782,34.0363439785238],[-96.6512015675429,34.03637697825],[-96.6512935673101,34.0363439785165],[-96.6512475669577,34.0360749786545],[-96.6513065669865,34.0359379786039],[-96.6513795676661,34.0358279789034],[-96.6516695676134,34.035673978055],[-96.6522505675659,34.0355419782118],[-96.6524295677716,34.0355309785935],[-96.6525945673262,34.0354929786251],[-96.6527985677925,34.0354929786156],[-96.6528915676061,34.0354599779827],[-96.6530035673963,34.0353499782805],[-96.6531025674867,34.0352949784274],[-96.6532075678574,34.0352729783032],[-96.6532875679716,34.0353009786966],[-96.6534125674767,34.0353609787708],[-96.6536305677164,34.0357129779711],[-96.6541055681659,34.0358229785455],[-96.6542635683026,34.0358949782745],[-96.6544615684976,34.0359989785838],[-96.6545675680331,34.0362409780923],[-96.654487567941,34.0365429785888],[-96.6542505677686,34.0369219781609],[-96.6539395677572,34.0372299789459],[-96.6535505677409,34.0377569790823],[-96.6533785678801,34.038069979193],[-96.6532065680152,34.0383229792237],[-96.6529885678307,34.0387949786043],[-96.652777567966,34.0391969792402],[-96.6527705676543,34.0393889791369],[-96.6528035682988,34.039591979541],[-96.652717567924,34.0398279787806],[-96.6526585679028,34.0400759794739],[-96.6526915676487,34.0402899794879],[-96.6524995677543,34.0405209794003],[-96.652387567963,34.0406139792147],[-96.6525325674921,34.040613979208],[-96.652697567949,34.0406199794781],[-96.6527765680164,34.0406419795937],[-96.6527835683605,34.0409329795768],[-96.6528025683514,34.0410699796238],[-96.6528885678459,34.0411199792368],[-96.6529945682609,34.0410649793834],[-96.6530535682902,34.0409379797958],[-96.6531395677771,34.0408729794803],[-96.6532185678441,34.0408889793181],[-96.653284568214,34.0409989790121],[-96.6533445683152,34.041251979032],[-96.653423568387,34.0413399795055],[-96.6535155681642,34.0414549794297],[-96.6536075679399,34.041548979281],[-96.653574568212,34.0416029790848],[-96.653482568444,34.0416249792084],[-96.6538125684765,34.0419059796128],[-96.6541295688095,34.0422459791523],[-96.6545315685797,34.0424719797048],[-96.6546375681074,34.0425979792384],[-96.6546305686924,34.0427519800737],[-96.6545385689304,34.042861979775],[-96.6544725685763,34.0429879793166],[-96.6544715685351,34.0430649792845],[-96.6545575689227,34.0430209799412],[-96.6547225684733,34.0429229798928],[-96.6548285688894,34.0428839798808],[-96.654914568382,34.0429059799961],[-96.6550855691246,34.043021979963],[-96.6556265690585,34.0434499799691],[-96.6564125686719,34.044026979668],[-96.6567155692488,34.0442749794451],[-96.6569865692331,34.0444009798704],[-96.6571715697218,34.0444619799881],[-96.6572545690811,34.0445709796351],[-96.6572765692039,34.0445989800311],[-96.657434569345,34.0447369801179],[-96.6575405697721,34.0448629796515],[-96.6576725696039,34.0449559803539],[-96.6576725696084,34.0450219798125],[-96.6576065692481,34.0450549795448],[-96.6575075691526,34.0450329803294],[-96.6574015696322,34.0450169795936],[-96.6574285690903,34.0450879801816],[-96.6574475690856,34.045290979687],[-96.6575005697553,34.045450979898],[-96.6574805697393,34.0456319801853],[-96.6573955693989,34.0456869800378],[-96.6571505697412,34.045862980104],[-96.6570385690546,34.0460169800448],[-96.6569395689628,34.0460499797786],[-96.6568605688968,34.0460499797823],[-96.6567345693476,34.0460219802904],[-96.6564375690695,34.0460819803842],[-96.656351569586,34.0461979803631],[-96.656503569439,34.0461869798467],[-96.6566095689586,34.0461919800733],[-96.6567215696555,34.0461919800681],[-96.6568275691763,34.0462139801825],[-96.6569395689735,34.0462089799458],[-96.6570585690911,34.0461429804817],[-96.6573095690344,34.0460769801123],[-96.6574275691128,34.0461159801138],[-96.6576915696744,34.0462809805465],[-96.6577975692051,34.0464509803187],[-96.6577775691873,34.0466049802551],[-96.6576255693517,34.0468739801264],[-96.6574865692147,34.047071980307],[-96.6573945694497,34.0471379806691],[-96.6572695699505,34.0471649801263],[-96.6572695699546,34.0472259802526],[-96.657367569118,34.047450980773],[-96.6574205697921,34.0476759803962],[-96.6574135694797,34.0478579807291],[-96.6574205698112,34.0479619801481],[-96.657486569281,34.0480609802321],[-96.6575655693495,34.0480989801892],[-96.657664569445,34.0481209803039],[-96.6577835695683,34.0481379801861],[-96.6578895699884,34.0481599803005],[-96.6579555694578,34.0482529801067],[-96.6579155694123,34.0484129803219],[-96.6577635695641,34.0484949805283],[-96.6575595699971,34.0484949805378],[-96.6574205698458,34.0484779806564],[-96.6572485699633,34.0484669801551],[-96.6570965692114,34.0484839809492],[-96.6570445695003,34.0485169806809],[-96.6570905698417,34.0486209809974],[-96.6572025696414,34.0486539807214],[-96.6572685700058,34.0486819802161],[-96.6572615696948,34.0488849806221],[-96.6572885700556,34.0490059808272],[-96.6573605698061,34.0491429808717],[-96.6573735695174,34.0492589808459],[-96.6572945694717,34.0495609804429],[-96.657261569761,34.0498739805472],[-96.6572675700562,34.0501269805696],[-96.6573665701481,34.0500939808358],[-96.6574465693581,34.0500499805935],[-96.6574335696197,34.0495279807072],[-96.6574665693384,34.0493359808093],[-96.6575255693644,34.0491599807518],[-96.6575195699771,34.0490339803142],[-96.6574445700893,34.0489239806206],[-96.6574405698997,34.0488629804945],[-96.6574795699065,34.0488189802541],[-96.6575395699878,34.0487749809121],[-96.6576185700508,34.0487309806699],[-96.6577045695406,34.0487089805466],[-96.6577835696058,34.048697980933],[-96.6578625696744,34.0487369809364],[-96.6579415697418,34.048758981052],[-96.6580145695266,34.04871498081],[-96.6582715697456,34.0486109804795],[-96.6584105698936,34.0485779807438],[-96.6585295700157,34.0485779807383],[-96.6592615697907,34.0486709805136],[-96.6598365703839,34.0488309807003],[-96.6602525708021,34.0490399804651],[-96.6608655704759,34.0494459803486],[-96.6610835707042,34.0496259805785],[-96.6617035707097,34.0501389809192],[-96.6621455705431,34.0504699809354],[-96.6630685710741,34.0504619805222],[-96.664928571886,34.0504459805943],[-96.664940571604,34.0513549804122],[-96.6649425717066,34.0515019809229],[-96.6649475719645,34.0518899809005],[-96.6649535713694,34.0522779808781],[-96.6650835719967,34.0522059811358],[-96.6653675716764,34.0522109804548],[-96.6656905722678,34.0522549806783],[-96.6659345718887,34.0522219809378],[-96.6660995723392,34.052133980453],[-96.6664895724158,34.051815981],[-96.6665685724803,34.0517939808771],[-96.666687572608,34.0518759810708],[-96.6667735721025,34.0519259806839],[-96.6664895724438,34.0522329805219],[-96.6664035720618,34.05235998101],[-96.6664165717749,34.0525029813351],[-96.6664625721221,34.0526949812293],[-96.6665945719595,34.052870981278],[-96.6666475726244,34.0529589808533],[-96.666753572147,34.0530079813184],[-96.6669115722896,34.0531679806252],[-96.6669405727361,34.0531839813646],[-96.6670175727123,34.0532279807003],[-96.6671425722162,34.053271980933],[-96.6672875726465,34.0532999813233],[-96.6674525722026,34.0532829814279],[-96.6676445730044,34.0531729808226],[-96.6677825722007,34.0530519806099],[-96.6679085726331,34.0528379805884],[-96.6680145730374,34.0526239805679],[-96.6682055728898,34.0524589810134],[-96.668304572975,34.0523269811925],[-96.6684165727652,34.052216980591],[-96.6684765728266,34.0518769810341],[-96.6685225722543,34.0517669804355],[-96.6686345729482,34.0517229810911],[-96.6687665727745,34.0517339806949],[-96.6689455729834,34.0517719806474],[-96.6690635730647,34.0518549808875],[-96.6690705724992,34.051991980935],[-96.668984573019,34.0521569804845],[-96.6688195725729,34.0523109804278],[-96.6686945730777,34.0523989809107],[-96.6685025731745,34.0524979810067],[-96.6684295724996,34.0526789803971],[-96.6682185726273,34.0529649810582],[-96.6679325728824,34.0533709809834],[-96.6678095725866,34.0535469810439],[-96.6678425723325,34.0537609810581],[-96.667960572419,34.0539209812659],[-96.6681195726057,34.0540469807971],[-96.6682975727723,34.0541459808759],[-96.6684295726002,34.0541789814983],[-96.6685745730319,34.0542279810623],[-96.6686865728309,34.0542499811763],[-96.6688325733105,34.0543219809059],[-96.6692285728113,34.0546789812288],[-96.6693205734834,34.0547289808415],[-96.6694525733218,34.054920981631],[-96.6695645731227,34.0549699811965],[-96.6696705735435,34.0550029809208],[-96.6697765730613,34.0549809807966],[-96.6702385728627,34.0544159806962],[-96.6706215735026,34.0539269805208],[-96.6706805735316,34.0537949807018],[-96.6707135732473,34.0535589805653],[-96.6707535732998,34.053503980715],[-96.6708525733883,34.0534209804648],[-96.6709185737504,34.0534159811296],[-96.6710375738725,34.053415981124],[-96.6711495736727,34.0534539810796],[-96.6712555731963,34.0535199805331],[-96.6712815735126,34.053667981089],[-96.6712085737356,34.0538279813058],[-96.6709975738543,34.0539819812512],[-96.670919573841,34.0540759811104],[-96.6707995736824,34.0542229807275],[-96.6704755730753,34.0546349809323],[-96.6701585736884,34.0549929813345],[-96.6701255730663,34.0551239811061],[-96.670185573158,34.0552339808003],[-96.67040957367,34.0554979813219],[-96.6706605736325,34.0557179816036],[-96.6709505736011,34.0558829811357],[-96.6710635734472,34.055915981759],[-96.6713205736735,34.0559209810793],[-96.6715915736504,34.0559379809544],[-96.671941573701,34.0560699816538],[-96.6720505742652,34.0561659815969],[-96.6720755736273,34.0561889817613],[-96.6726805738025,34.0561929810191],[-96.6729545739176,34.0561959811453],[-96.6738345742543,34.0562029814285],[-96.6744695749214,34.0562079816305],[-96.6744985744675,34.0562079816291],[-96.6751045746891,34.0562129809331],[-96.6750905749341,34.056135980966],[-96.6751235746407,34.0557629807818],[-96.6751035745952,34.0555039813815],[-96.6750705748482,34.0552729805804],[-96.6751165742804,34.0552299812853],[-96.6751695749334,34.0551419808058],[-96.6752485749994,34.0551419808021],[-96.6753215747881,34.0551579806402],[-96.6755065743783,34.0552299812672],[-96.6755595750394,34.055262980994],[-96.6755525747262,34.0554329807714],[-96.6754265743005,34.0557459808799],[-96.6754335746395,34.0559599808952],[-96.675466574381,34.0561089814971],[-96.67551957505,34.0562569811524],[-96.6755355748946,34.0562879807883],[-96.6758755744732,34.0562959811429],[-96.6762145749048,34.0563049815439],[-96.6762535749147,34.0563059815883],[-96.6773595749429,34.0563679808102],[-96.6846315766972,34.056337980882],[-96.6913015784156,34.056309980175],[-96.6919905788882,34.056306980004],[-96.6993695811078,34.0562869796344],[-96.7090335831623,34.0562599797338],[-96.7090355832899,34.0567789794815],[-96.7090695836248,34.0650759814162],[-96.709069583631,34.0651689812255],[-96.7090715837304,34.0652679813125],[-96.7090825844353,34.0681689816282],[-96.7090865837854,34.0691209816385],[-96.7090875838471,34.0693489823021],[-96.7090945842718,34.0708389820404],[-96.7093115844416,34.0708399820767],[-96.7093115844442,34.0708789820837],[-96.7081745838814,34.0708679825266],[-96.7081205840754,34.0708669824828],[-96.7072595837209,34.0708659824766],[-96.7063075836422,34.0708489826331],[-96.7061885835209,34.0708609822949],[-96.7061295834842,34.0708779821854],[-96.7060865832894,34.0708849825116],[-96.7060475832805,34.0708989822622],[-96.7060595838455,34.0710259827458],[-96.7060705835037,34.0717319821579],[-96.7060725836703,34.072830982679],[-96.7060785841042,34.0751489829819],[-96.7060845835157,34.0756339829538],[-96.706081584375,34.0771079837505],[-96.7060675837688,34.0777469836589],[-96.706073584134,34.0790419842613],[-96.7060765843041,34.0795029840216],[-96.7060755843285,34.0805559842117],[-96.7060725843037,34.0822549846338],[-96.7060705843743,34.0846839846802],[-96.7060775847468,34.0853969853159],[-96.706941584341,34.0853959852294],[-96.7095335858215,34.0853929849698],[-96.7103975854156,34.0853919848833],[-96.7104195856857,34.0876109850982],[-96.7104175855967,34.0876659849468],[-96.7104115862264,34.0877939854775],[-96.7104325854381,34.0883369854361],[-96.7104485862064,34.0887289855984],[-96.7104585858427,34.0897979856294],[-96.7104485863131,34.0903159862306],[-96.7104475862957,34.0907459863544],[-96.7104505864422,34.0908559860512],[-96.7104315857225,34.0932539864618],[-96.7104015861886,34.094122986228],[-96.7103805862156,34.0956299867545],[-96.710384586505,34.097172987148],[-96.7103865866496,34.0979449869182],[-96.7104005864157,34.0981849872376],[-96.7104155862378,34.0985689870295],[-96.7104195864561,34.0990569871404],[-96.7104315861237,34.099212987168],[-96.7104615866215,34.0993009876437],[-96.7105655869576,34.0994529874818],[-96.7107505865569,34.0996629873035],[-96.7108235863494,34.0997329878431],[-96.7109495868104,34.0999459878064],[-96.7104605866181,34.0999399875515],[-96.7094805861407,34.0999279879408],[-96.7089965861805,34.0999249878245],[-96.7085085860348,34.0999229877546],[-96.7084575863679,34.099922987757],[-96.7080215859353,34.0999179875458],[-96.7073815859358,34.0999129873441],[-96.7065635857766,34.0999129873823],[-96.7060775857237,34.0999129874049],[-96.70606858532,34.1001149877646],[-96.7060535855704,34.1008069883283],[-96.7060545856777,34.1017119879611],[-96.7060615860675,34.102679988712],[-96.7060615860769,34.1028199879993],[-96.7060615861251,34.1035349887279],[-96.7060625862105,34.1041139885555],[-96.706052585811,34.1050679886589],[-96.70605358592,34.1059969885036],[-96.7060435855383,34.1072139890926],[-96.7060305859498,34.1089199898391],[-96.7060295859146,34.1090869894773],[-96.7060235865757,34.1096799899534],[-96.7060035866112,34.1106239895943],[-96.7059935862096,34.1115439899221],[-96.7059905860926,34.1118729898663],[-96.7059745863136,34.1128159903599],[-96.7059635868132,34.1144529906096],[-96.7066785866928,34.1144519905299],[-96.7071585864673,34.114449990415],[-96.7104415876134,34.1144389906518],[-96.7107445872742,34.1144359904988],[-96.7119405878736,34.1144289901189],[-96.7124595876577,34.1144249899095],[-96.712493588335,34.1144249899079],[-96.7141525888206,34.1144259898768],[-96.7147065884294,34.1144269898973],[-96.7147125887497,34.1150509900095],[-96.7146995891449,34.1165149903433],[-96.7146975891077,34.1173379906763],[-96.7146965891027,34.1179519903259],[-96.7147015897294,34.1238039914731],[-96.7147025889583,34.1250169918762],[-96.7147075892613,34.1260709921121],[-96.7147085893093,34.1260949923239],[-96.7147065894115,34.1289829929369],[-96.719745591047,34.1290109921994],[-96.7222385915345,34.1290139922219],[-96.7230225919161,34.1290189924168],[-96.7225665914836,34.1294309926277],[-96.7192365910741,34.1326699934593],[-96.7191055913034,34.1327959930038],[-96.7187135911383,34.1331739934362],[-96.7185835905147,34.133300993027],[-96.7179345910399,34.133928993355],[-96.7179035905037,34.1339579937998],[-96.7172635905468,34.134584994081],[-96.7168205907187,34.1350199935575],[-96.7166085907946,34.1352249940656],[-96.7163215900957,34.1355029934604],[-96.7161745904835,34.1356449937465],[-96.7125585894214,34.1391619948722],[-96.708925589368,34.1426529956942],[-96.7086525893173,34.1429169953395],[-96.7086335893368,34.1429349952744],[-96.7080385887656,34.1435169961681],[-96.7077425885502,34.1438179957288],[-96.707601589217,34.1439709956246],[-96.7073555886229,34.1442839957386],[-96.7071665888709,34.1445609959819],[-96.7070515889462,34.144736996042],[-96.7069525888654,34.1449329961281],[-96.7067905885674,34.1452199959338],[-96.7066965887164,34.1453849963829],[-96.7065985886819,34.1455799964227],[-96.7065615887699,34.1456549962996],[-96.7064035886634,34.1460309966284],[-96.7062485886991,34.1464509962963],[-96.7061565889478,34.1467199961646],[-96.7061025882549,34.1469039965922],[-96.706053588695,34.1471149964711],[-96.7060495885106,34.1471319963591],[-96.7060065883313,34.1473679964959],[-96.7059655882466,34.1476309969834],[-96.7059315885471,34.1487909967328],[-96.705930588503,34.148823996462],[-96.7059295884692,34.1490109970262],[-96.7059205890711,34.1507849973233],[-96.7059105887165,34.1523979973608],[-96.7058965890733,34.1539749975303],[-96.7058855895507,34.1552769975579],[-96.7058825894397,34.1556929979328],[-96.7058895889629,34.1571399983777],[-96.7058755892727,34.1580229987911],[-96.7058695890169,34.1583539988279],[-96.705865589853,34.1601599988076],[-96.705881589722,34.1605499988772],[-96.705916589578,34.1610179989598],[-96.7059405898071,34.1612469987694],[-96.706011589527,34.161614998717],[-96.7061335898179,34.162054999298],[-96.7062115898542,34.1623009989927],[-96.7063295899536,34.1626509990042],[-96.7065785898456,34.1631989991835],[-96.7067835903849,34.1635919993831],[-96.7069605896172,34.1638569999529],[-96.707072590326,34.1640339991494],[-96.7072495904574,34.1642969996266],[-96.7073985901851,34.1644909996085],[-96.7075745902671,34.164708999801],[-96.7078215900471,34.1649719993756],[-96.7083235908773,34.165494000138],[-96.7088235907139,34.1659959999744],[-96.7094305910211,34.166580000005],[-96.7099175911527,34.1670569995839],[-96.7110505916046,34.1681689997543],[-96.711489591308,34.1686300003933],[-96.7115705914732,34.1687270003839],[-96.7116545917783,34.1688339999381],[-96.7116985920237,34.1688899998308],[-96.7121205918481,34.1695010002209],[-96.7122835922293,34.169758000421],[-96.7125215916026,34.1701770000241],[-96.7125945922993,34.1703200003462],[-96.7127245920518,34.1706090002308],[-96.712936592032,34.1712340003796],[-96.7130185922557,34.1715080004712],[-96.7130795924026,34.1717490008345],[-96.7132515923392,34.1725590005573],[-96.7090085907425,34.1725410008218],[-96.6865915854834,34.1725500022876],[-96.6861645854641,34.1724860020424],[-96.6859795849799,34.1724920023288],[-96.6856135850954,34.1724910022997],[-96.6855955851601,34.1724910023005],[-96.6850445847902,34.1724770025774],[-96.683895584571,34.1724800018707],[-96.6831345843574,34.1724880022768],[-96.6828795842245,34.1724920024739],[-96.6826645841473,34.1724910024376],[-96.682539584647,34.1725010020071],[-96.6824355843208,34.1724960026798],[-96.6822985842641,34.1725080023425],[-96.6821125846349,34.1725440022194],[-96.6805025837231,34.172542002202],[-96.6804105839537,34.1725420022063],[-96.6803265836559,34.1725420022103],[-96.680146583403,34.1725410021724],[-96.6789005831822,34.1725390021381],[-96.6788305835336,34.1725390021414],[-96.6775245832285,34.1725370021099],[-96.6774865832651,34.172538002158],[-96.6762995830822,34.1725360021209],[-96.6758955823349,34.1725340029465],[-96.6758495828999,34.172535002995],[-96.675691582768,34.1725350030024],[-96.6754125824212,34.1725340029691],[-96.6752355823077,34.172537002217],[-96.6744165821018,34.1725330029694],[-96.6735115824048,34.1725330030118],[-96.6699705809846,34.1725270028996],[-96.6696715813742,34.1705360024625],[-96.6698245812242,34.1697960023681],[-96.6697485812643,34.1693070022143],[-96.669733580562,34.169208002128],[-96.6697185807591,34.1691090020417],[-96.6697165806662,34.1691070019492],[-96.6696525812931,34.1690670018989],[-96.6695595805737,34.1690050026299],[-96.6694175811758,34.1688880026155],[-96.6692555808485,34.1687410021123],[-96.669105581077,34.1685860021375],[-96.6688515809728,34.1683300019879],[-96.6687195802395,34.1682060025483],[-96.6685665803291,34.1680530017669],[-96.6684415808192,34.1679230020491],[-96.6680175800115,34.167442002282],[-96.6678795798914,34.1672030020148],[-96.6678085801911,34.167125002004],[-96.6677715802696,34.1670590016479],[-96.6677675800784,34.1669740022093],[-96.6677645799336,34.1668900019175],[-96.6677585805462,34.1667640014801],[-96.6677395805652,34.1667740019439],[-96.6676815805756,34.1668030014907],[-96.6676225805397,34.1668320019368],[-96.6675145800319,34.166886001744],[-96.6670945803558,34.167096001594],[-96.6667365799755,34.167577002297],[-96.6666145797287,34.1677900022719],[-96.6665975798416,34.1678170017242],[-96.6664945795746,34.1680030022468],[-96.6664885801963,34.1680120017644],[-96.6664515802838,34.1680780021239],[-96.6663785796056,34.1682090018973],[-96.6661835795677,34.1683740023512],[-96.6661545800229,34.1683920022867],[-96.6654835795139,34.1688140020713],[-96.66329457957,34.1678860023753],[-96.6625565785425,34.1666860017092],[-96.6618645787627,34.1656950017244],[-96.6617535790043,34.1655870021251],[-96.6613955785702,34.1652710019004],[-96.6610595782581,34.1649750017014],[-96.660921578146,34.1648530014553],[-96.6604805783548,34.1644640014518],[-96.6604125778956,34.164404001375],[-96.6600385785173,34.1640750014485],[-96.6597055783451,34.1637890017123],[-96.658614578066,34.1630330018345],[-96.6579375772184,34.1625620016429],[-96.6575245769332,34.1622660014474],[-96.6561525770929,34.1611990015727],[-96.6537355765459,34.1614080014698],[-96.6532565759286,34.1615610013814],[-96.6529825758193,34.1616450016861],[-96.6529445758569,34.1616590014367],[-96.652859576414,34.161688001884],[-96.652580576074,34.1617890020767],[-96.6524715764181,34.1618270020425],[-96.6523495761597,34.1618680021479],[-96.65209257594,34.1619620020154],[-96.6517355755823,34.1620890016168],[-96.6515035756219,34.1621740019659],[-96.6514715759375,34.1621850015773],[-96.6494585752648,34.1627860016184],[-96.6479785750589,34.1638750026449],[-96.6460245745163,34.1658390028368],[-96.6447165741932,34.166943002751],[-96.6445285744796,34.1671020029269],[-96.6433835745111,34.1680720029247],[-96.6419045733906,34.1682490030949],[-96.6409155734037,34.1683670032086],[-96.6386045732437,34.1681090030625],[-96.6376325721953,34.1674700032003],[-96.6375955722681,34.167321003498],[-96.6375925730273,34.1673070037493],[-96.6375895728874,34.1672950031938],[-96.6375185722774,34.1670630032475],[-96.6363915720989,34.1658830035255],[-96.6367655722563,34.1644350030163],[-96.6394405730307,34.1635600028488],[-96.6403155730945,34.162956002722],[-96.6404945732668,34.1624530028074],[-96.6404855728489,34.1624440023911],[-96.6405515732017,34.1623010020625],[-96.6405905732044,34.1621970026415],[-96.6406105732289,34.162143001939],[-96.6406665731173,34.1619900020471],[-96.640683573003,34.1619410024757],[-96.6407225730054,34.1618330019701],[-96.6414875732626,34.1597240014156],[-96.6411645725849,34.1584040014694],[-96.6376375716862,34.1565140013624],[-96.6372225713267,34.1564900011699],[-96.6352745709259,34.1564380015513],[-96.6342815707084,34.155888001314],[-96.6341535710631,34.1558110013522],[-96.6322795704215,34.1546510016917],[-96.6301335698017,34.1541420016078],[-96.6298735694311,34.154061001467],[-96.6296175692462,34.1539830014649],[-96.6296045695424,34.153978001234],[-96.6293585698214,34.1539030013703],[-96.629301569875,34.1538850014389],[-96.6290945692653,34.1538220012297],[-96.6289885697438,34.1537890015054],[-96.6288275694694,34.1537400010428],[-96.6286435690287,34.1537040011833],[-96.6272895692585,34.1546330019906],[-96.6274175690842,34.1573780022723],[-96.6274885696971,34.1576520023646],[-96.6273975690782,34.1577050021248],[-96.6271045690191,34.1582600026536],[-96.6267335689562,34.1590510024216],[-96.6267165690678,34.1590600028391],[-96.6264825690268,34.1593230024363],[-96.6263835689409,34.159443002601],[-96.6263835689418,34.1594570023498],[-96.6262285689636,34.1596730024652],[-96.6256125692161,34.1602410027117],[-96.6252845693148,34.1605330027567],[-96.6227725680281,34.1617530027021],[-96.6227515688552,34.1617850032853],[-96.6219885685795,34.1622500032665],[-96.6207915679191,34.1620470029169],[-96.6197905673102,34.1611970031793],[-96.6196985675215,34.1609110034317],[-96.6194495676137,34.1601320033489],[-96.6196725671012,34.1592250027136],[-96.6195335677673,34.1579970025217],[-96.6194565668352,34.1571170022512],[-96.6196025672505,34.1562350018777],[-96.6200995677614,34.1554640021305],[-96.6201805670138,34.1553610018544],[-96.6191945670694,34.1540490014101],[-96.6170095664284,34.1533730016899],[-96.6168685661843,34.1533550017624],[-96.6166785663633,34.1532990018765],[-96.616362566093,34.1532040019894],[-96.6161405665854,34.153127002032],[-96.6158695657038,34.1530320021428],[-96.6157525656714,34.1529870018634],[-96.6131365657073,34.1519870015514],[-96.6121125649089,34.1508060017781],[-96.6110785644645,34.1484150008415],[-96.6097855637601,34.1468950006735],[-96.6092585636126,34.1470130007656],[-96.6082915637088,34.1465730011233],[-96.6082775639583,34.1465630006609],[-96.6082445633256,34.1465370012573],[-96.6078075637228,34.1461920005928],[-96.6077965632121,34.1461820010297],[-96.60765556383,34.1456120007258],[-96.607875563215,34.1452480009496],[-96.6090125637187,34.1443760000935],[-96.6092105638979,34.1442450003143],[-96.6093465639096,34.1442530006783],[-96.6098455636684,34.1442880004769],[-96.6115455642654,34.1444100006502],[-96.6127905644401,34.144413000731],[-96.6131435645586,34.1434870001092],[-96.6133285650105,34.1430020001284],[-96.6135065651698,34.1429909996107],[-96.6136705646746,34.1429009999328],[-96.6138315649183,34.1424960000597],[-96.6138065646239,34.1419859998304],[-96.6132755642423,34.1413829998156],[-96.6126025644952,34.1411449996195],[-96.6118425643122,34.1409230001683],[-96.6113645637158,34.1406999997584],[-96.6109195637193,34.1400159995865],[-96.610645563588,34.1397749992329],[-96.6100515639166,34.1396809994051],[-96.6092655634487,34.1397749992973],[-96.6086245634037,34.1397869998828],[-96.6082185634646,34.1398100000673],[-96.607956563007,34.1398139993654],[-96.6076955634964,34.1398369995431],[-96.6076635629121,34.1398409997298],[-96.6068285628662,34.1398789997295],[-96.6067965631818,34.1398909993873],[-96.6060935629775,34.1401659995619],[-96.6059065624197,34.1404559995077],[-96.6057015628279,34.1407749998977],[-96.6055405625875,34.1412290002408],[-96.605455562318,34.1423370002834],[-96.6052935629878,34.1436390003185],[-96.604982563018,34.1445620007994],[-96.6036795620093,34.1454030011273],[-96.6030025621089,34.1456410013863],[-96.6018375619931,34.144848000698],[-96.6015675620448,34.1445700013291],[-96.6003255610235,34.1432890005332],[-96.5987935608571,34.1407200003714],[-96.5986975608807,34.1404030000881],[-96.5993775608694,34.1394109999925],[-96.6008345608846,34.1379659995715],[-96.6008825611514,34.1355889992323],[-96.6008155607298,34.135399999478],[-96.6001595608426,34.1347299990647],[-96.5991015602914,34.1339199993829],[-96.5978705598208,34.1332399994328],[-96.5967295599393,34.1327539985681],[-96.5947535590537,34.131431998606],[-96.592587558315,34.1295769982566],[-96.5907935577606,34.1280439984092],[-96.5901115575449,34.127044998053],[-96.5885765573928,34.1267489979097],[-96.586876556817,34.1269439980241],[-96.5859705570711,34.1269089982445],[-96.5845775563252,34.1268539984609],[-96.5830795560689,34.1262439981668],[-96.5822585557089,34.1253329982942],[-96.5822785557213,34.1251009983435],[-96.5823485553155,34.124291997756],[-96.5822465559731,34.1241659982222],[-96.582046555609,34.1229299976624],[-96.5817995548467,34.1214349977035],[-96.5819595549789,34.1200609970328],[-96.5820595550551,34.1191079969712],[-96.5822555551152,34.1185829969364],[-96.5825095551798,34.1182519968878],[-96.5830935552528,34.1178409967172],[-96.5837925552876,34.1178019966776],[-96.5839945556612,34.1178019966682],[-96.5845795558084,34.1178029966873],[-96.5866375559244,34.1180069970433],[-96.58686155642,34.1180239969206],[-96.5871145564486,34.1178459967614],[-96.5870575564724,34.1173859961506],[-96.5866035560573,34.1166819968516],[-96.5858685560752,34.1155819963182],[-96.5855315556927,34.1149269965845],[-96.5853625559189,34.1144649958862],[-96.5851655557406,34.1139219959356],[-96.5852345553322,34.1137639958116],[-96.5851965553587,34.1136149961093],[-96.5851305558785,34.1133609960434],[-96.5849785550857,34.1127709957133],[-96.5849625552388,34.1127069954488],[-96.5847845550559,34.1123679959493],[-96.5844515548604,34.1117349954354],[-96.583685555277,34.1111919955112],[-96.5832795553287,34.1110779956479],[-96.582716554396,34.1109729953092],[-96.5815425548004,34.1107449955994],[-96.5806885538664,34.1106789952813],[-96.5801735542644,34.1106369960587],[-96.5797385538642,34.1104259953029],[-96.5793415534175,34.1100699959257],[-96.5792275534985,34.1096419958999],[-96.5790935535355,34.1089789957863],[-96.5790665540539,34.1085589952274],[-96.579080553796,34.1084449953444],[-96.5791225539224,34.1081089950742],[-96.5791355536188,34.1080029955618],[-96.5794475536738,34.1076549947234],[-96.5799245541865,34.1073249947107],[-96.5804505542697,34.1069379947547],[-96.5811985538628,34.1066639946242],[-96.5818115543856,34.1063169947174],[-96.5819775539734,34.1060819946212],[-96.582036554,34.1059129948876],[-96.5819215540383,34.1055409947566],[-96.5817275540188,34.1052909948818],[-96.581683553773,34.1052289947112],[-96.5813975539729,34.1048139943959],[-96.5809135539784,34.1043039941879],[-96.580004553135,34.1033899941803],[-96.5796075535909,34.1030819943276],[-96.5792595536265,34.1028549946256],[-96.5785045527464,34.1021909944945],[-96.5781075531948,34.1017709939529],[-96.5778755532113,34.1015119936631],[-96.5777495527386,34.1011249937374],[-96.5776245532206,34.1008739938131],[-96.5773145523052,34.1004209935382],[-96.5766855528086,34.1003139940093],[-96.5764335528095,34.1002409942384],[-96.5761235519103,34.1000309935231],[-96.5757555519134,34.0997389935104],[-96.5754265519249,34.0994239942298],[-96.5752425523664,34.0991329933556],[-96.5749145515133,34.0986469933522],[-96.5744595519756,34.0983069938192],[-96.5739845515051,34.0978869932811],[-96.5732865514902,34.0975299938716],[-96.5726475515119,34.0971569937186],[-96.5716675510045,34.0967039934747],[-96.5712995510006,34.0963069930973],[-96.5707875506048,34.0957649932075],[-96.5705645510376,34.095489993076],[-96.5701295506156,34.0949559935531],[-96.5699475502315,34.0943819930657],[-96.5694645502644,34.0935899932908],[-96.5693885503012,34.0930479924815],[-96.5692455499466,34.0927689930603],[-96.5691485499287,34.0925219924206],[-96.5691365502696,34.0924929928771],[-96.5691145501411,34.0923779929496],[-96.5690845496388,34.0922219929228],[-96.5690265496272,34.0919219925254],[-96.5687815499281,34.0914839929418],[-96.5683255494299,34.0909229921697],[-96.5674735494479,34.0902599920895],[-96.5664875495739,34.0899909922711],[-96.5657235492007,34.0896969921843],[-96.5655395487441,34.0894239921435],[-96.5654515491342,34.0890389923086],[-96.565768548505,34.0884409924854],[-96.5665105487019,34.0879069920085],[-96.5669835490264,34.08753499185],[-96.5674855488969,34.0871609915976],[-96.5679675496475,34.0869179920156],[-96.5684305495072,34.0865289919698],[-96.5689315493234,34.08603699165],[-96.5689785496664,34.0854739916613],[-96.5687455496302,34.0851209915161],[-96.5686095495969,34.0847909915318],[-96.5679705496257,34.0845209916511],[-96.5675355492202,34.0842329909274],[-96.5668485488376,34.0841969910912],[-96.5663265488983,34.0839659912121],[-96.5659405489685,34.0837089910221],[-96.5658865482596,34.0836559912686],[-96.5656975484736,34.0834289915592],[-96.565449548651,34.0832229910262],[-96.5652295483052,34.0826739907987],[-96.5649335480483,34.0823609907098],[-96.5647495484915,34.0820939909467],[-96.5643135480487,34.0819399910313],[-96.5639065480491,34.0817539914317],[-96.5634315475949,34.08157499126],[-96.5626845480258,34.0815179913535],[-96.5613835470464,34.0814189913269],[-96.5606175474901,34.0812799912221],[-96.5594615469554,34.0814239916477],[-96.5586265469128,34.0815119912642],[-96.5575775459444,34.081663991156],[-96.5566555463521,34.0815729914822],[-96.5561325463678,34.081362991676],[-96.5558995463434,34.0811839914931],[-96.5558715459248,34.0808939915572],[-96.5558275456122,34.0798349910909],[-96.5560545461818,34.0788819910233],[-96.5564245462199,34.078405990551],[-96.5569985458358,34.0780919903753],[-96.5579115458949,34.0779559903314],[-96.5587555463744,34.0781589906979],[-96.5600725472419,34.0789359906389],[-96.5608575467984,34.0793499908848],[-96.5613125472218,34.0794879909578],[-96.5623325477518,34.079440990533],[-96.5628375477833,34.0793929909851],[-96.5640425478776,34.0790309903563],[-96.5643925478984,34.0787169901911],[-96.5645895479979,34.0780869906905],[-96.5642915476075,34.0771649902839],[-96.5629765476908,34.0757729897473],[-96.5616985468141,34.0747129901914],[-96.5612415471705,34.0741759896312],[-96.5612375469796,34.0740949894784],[-96.5612345468365,34.0740359894448],[-96.5611975469175,34.0740079899487],[-96.5605545467471,34.0735329895699],[-96.5603635468778,34.0734469900935],[-96.560351546321,34.0734419898626],[-96.5600545460357,34.0733959895452],[-96.5595675459312,34.0733199896463],[-96.5586935458814,34.0734479902174],[-96.5574215453674,34.0736479896439],[-96.55682854576,34.0738169903016],[-96.5558965457138,34.0738719901934],[-96.5544905452413,34.0734739898177],[-96.5530275448112,34.072889989826],[-96.5518355443603,34.0723549902919],[-96.5510895439176,34.0719899896148],[-96.5507605439344,34.0717549895414],[-96.5507925435677,34.0709799896303],[-96.5507285441273,34.0699369899058],[-96.5505545441284,34.0695739892947],[-96.5501105432843,34.0689669890902],[-96.5499265437366,34.0688369893749],[-96.5495975437578,34.0686669896131],[-96.5492095437486,34.06860998969],[-96.5489575437522,34.0685769890731],[-96.5487925432886,34.0684719896152],[-96.5487345432749,34.0681409895811],[-96.5488525433253,34.0677609890687],[-96.5491075434164,34.0671309886661],[-96.5491885435161,34.0662509892871],[-96.5485015430886,34.0655469890993],[-96.5477965427312,34.0649229890191],[-96.5476665429811,34.0646669888635],[-96.5475225425779,34.0643519886749],[-96.5474845425852,34.0639159882748],[-96.5476495430245,34.0636579889122],[-96.5480355429137,34.0633079879778],[-96.5483665429587,34.0630819882905],[-96.5492605430025,34.0624459884798],[-96.5509255436877,34.06125998745],[-96.5515965433029,34.0609139875868],[-96.5528615434479,34.0600509871413],[-96.5540305436218,34.0589469872332],[-96.5555125438637,34.0569939866726],[-96.5559905444007,34.0563319865766],[-96.5561675444749,34.055741986231],[-96.5561405440725,34.0549989869049],[-96.5562315446294,34.0540209865853],[-96.5565075438519,34.0527369864784],[-96.5572095439636,34.0517689856942],[-96.5575325445019,34.0510179859814],[-96.5580195445645,34.0504689857211],[-96.558894544645,34.0501069851077],[-96.5599655448008,34.0494459850306],[-96.560869545323,34.049026985374],[-96.5615105453467,34.0486969853537],[-96.5619095449547,34.0485759851289],[-96.5624825454301,34.0483589849476],[-96.5647635459607,34.0480629846269],[-96.5658315460217,34.0480639846237],[-96.567587546502,34.0479539848452],[-96.5683845465703,34.0477039849244],[-96.568677546626,34.0470909844078],[-96.569179547288,34.0451039841171],[-96.5695915465168,34.0437469842214],[-96.5708555475141,34.0428759834056],[-96.5715555475742,34.0425219831706],[-96.5730125476658,34.0422079829541],[-96.5739835477098,34.041974982913],[-96.5745075477284,34.0420079835173],[-96.5749625481486,34.0420979831666],[-96.5753215486154,34.0422119830322],[-96.575583548181,34.042316983385],[-96.5759515481722,34.0425269831984],[-96.5762025481304,34.0426809831223],[-96.576405548572,34.043004983725],[-96.5764915489945,34.0434819833231],[-96.5763835484982,34.0437079838994],[-96.5760815489191,34.0442409834103],[-96.5750305488039,34.0450879840044],[-96.5721305475798,34.0473379839927],[-96.5713225479493,34.0483149842992],[-96.5712425478808,34.0489689849055],[-96.5713285473926,34.0492759847265],[-96.5715795482744,34.0497939844166],[-96.5720045482189,34.0501249844337],[-96.5722175482158,34.0503119849881],[-96.5726635482229,34.050465984903],[-96.5730615486908,34.0504499850431],[-96.57399454876,34.0500469843273],[-96.5760245493314,34.049580984241],[-96.5765685493587,34.0493239849073],[-96.57701554939,34.049145984739],[-96.5778515494465,34.0485739842969],[-96.5782515490722,34.0480249840407],[-96.5784965495945,34.0473299842263],[-96.5786725496251,34.0467809839805],[-96.5786845492352,34.0460779838066],[-96.5785815488859,34.0450359832308],[-96.5745015480799,34.0379769821422],[-96.5744345476581,34.0377829821563],[-96.5743195476878,34.0372809823014],[-96.5743395476949,34.036965982105],[-96.5761635475554,34.0342299821478],[-96.57636854804,34.033809981578],[-96.5766495484817,34.033841981248],[-96.57926954857,34.0339349818351],[-96.5795695489983,34.0340399812869],[-96.5799875485853,34.0338789819071],[-96.580080549187,34.0321819815725],[-96.5799965488239,34.0312049813072],[-96.5796105488713,34.0306059805711],[-96.5789525479869,34.0298539808574],[-96.5784485479942,34.0297889805692],[-96.578128548436,34.0296669803313],[-96.5774495484262,34.0296579808454],[-96.5763525479365,34.0299069807338],[-96.5751785474746,34.0301719813665],[-96.5742065473875,34.0304539809783],[-96.5735575469658,34.0303799811795],[-96.5731215465204,34.0301859812107],[-96.5729295465597,34.029425981105],[-96.5730295466467,34.0286259809325],[-96.5735665471979,34.0276089805851],[-96.5743045471897,34.026779980839],[-96.5748035469089,34.0262209801151],[-96.5753875469658,34.0255669803847],[-96.5762815470177,34.0250509798348],[-96.5774195475845,34.0244219794376],[-96.5780995476192,34.0241079801563],[-96.5789065481302,34.0235429800397],[-96.5795885482165,34.0226149793097],[-96.5796295482716,34.0219039796633],[-96.5791765478865,34.0209499786814],[-96.5778985470367,34.0202859794735],[-96.5768405474453,34.020372979054],[-96.5758795469517,34.0203959792641],[-96.5749575464818,34.0206289793028],[-96.5742085468551,34.0210969794223],[-96.5736565464326,34.0209909790367],[-96.5732895464591,34.0203519791454],[-96.573331546559,34.0196169792871],[-96.5736335461321,34.0189949792527],[-96.5738595466735,34.0183089789566],[-96.5738815458422,34.017516979158],[-96.5741075463738,34.0166849783973],[-96.5747215460034,34.0157329783579],[-96.5760865462209,34.013851977539],[-96.5769645463514,34.0121559772143],[-96.5774615468778,34.0116069778527],[-96.5777915468825,34.0114699777896],[-96.5781625469584,34.0108649776398],[-96.5782325465628,34.0102019775165],[-96.5783015470289,34.0096699771633],[-96.5789535466505,34.0091459771535],[-96.5796815471128,34.0088399764418],[-96.5805845476036,34.0086469764573],[-96.5817985472099,34.0081959762041],[-96.5821495472669,34.0077279761031],[-96.5824805481972,34.0072919765853],[-96.5829565477591,34.0068809764197],[-96.5842465482395,34.0071489761779],[-96.5849055482309,34.0073029760831],[-96.5856895486427,34.0077569763827],[-96.5862715486652,34.0079749765567],[-96.587035549058,34.0085659769051],[-96.588553549395,34.009973976375],[-96.5900335497643,34.0113169764344],[-96.5909035507883,34.0150909775618],[-96.5910865503116,34.0155509772676],[-96.5913965503162,34.015834977812],[-96.5916675503012,34.0159719778473],[-96.5921705511647,34.0163039779072],[-96.5929265511693,34.0166359779554],[-96.5934305511641,34.0167339779728],[-96.5941485511751,34.0166129777332],[-96.59512955168,34.0163399776383],[-96.5962365517092,34.0157189776131],[-96.5967415517288,34.0154939770647],[-96.5977215521966,34.0153579770177],[-96.5982465522427,34.0151079771096],[-96.599169552742,34.0146239771406],[-96.5996835522942,34.0146169767927],[-96.6002275523301,34.0144879770901],[-96.6012075528005,34.0143919770965],[-96.6018765532426,34.0143529770585],[-96.602352553721,34.014199977147],[-96.6031885537726,34.0135539768761],[-96.6035685533762,34.0130939762449],[-96.6039495538953,34.0121819762697],[-96.6040965534718,34.0115029763013],[-96.603827553532,34.0106539756758],[-96.6035985536274,34.0094899757524],[-96.6038725536863,34.0086499755184],[-96.6038635532544,34.008431975318],[-96.6039415532605,34.0082299758543],[-96.6043015537423,34.0078749755889],[-96.6046215532887,34.0078189756792],[-96.605456553329,34.0076989754805],[-96.6072305537674,34.0079349755333],[-96.6092565551203,34.0084869758162],[-96.6107775555224,34.0087869752467],[-96.6116205550668,34.0091519750201],[-96.6122995550878,34.0093299751362],[-96.6131045555459,34.0093629757275],[-96.6141905564447,34.0094129752943],[-96.6148295564123,34.0096319755119],[-96.6157215564285,34.0099719750248],[-96.617000556397,34.0102149754247],[-96.6181465573557,34.0099009752225],[-96.6191295569802,34.0085209751347],[-96.6192565574533,34.0082219747749],[-96.6200365575566,34.0068329742799],[-96.620436557166,34.0060409744638],[-96.6206795576179,34.0056779747328],[-96.6209515576304,34.0055329743019],[-96.62152355718,34.0056139744285],[-96.621949558075,34.0060189742745],[-96.6224225575725,34.0067299747964],[-96.6228655584174,34.0080479746455],[-96.6233625581775,34.0094929749764],[-96.6233855583491,34.0095589753331],[-96.6235685587658,34.0099309754611],[-96.6238785587677,34.0101739750065]]]},"properties":{"PRECINCT":"9","PRECINCT_N":"Precinct 9","DIST_NAME":"Precinct 9"}}]}